UF;municipio;pop_2010;pop_2022;crescimento
AM;Manaus;1802014;2063689;261675
DF;Brasília;2572159;2817381;245222
SP;São Paulo;11253503;11451999;198496
SP;Sorocaba;586816;723682;136866
GO;Goiânia;1301912;1437366;135454
RR;Boa Vista;284313;413486;129173
SC;Florianópolis;421240;537211;115971
PA;Parauapebas;153908;267836;113928
MS;Campo Grande;786774;898100;111326
PB;João Pessoa;723515;833932;110417
MG;Uberlândia;604013;713224;109211
ES;Serra;417330;520653;103323
SC;Joinville;515288;616317;101029
MT;Cuiabá;553202;650877;97675
SP;Ribeirão Preto;604682;698642;93960
PE;Petrolina;293962;386791;92829
SP;Praia Grande;262051;349935;87884
SC;Palhoça;137334;222598;85264
MT;Sinop;113099;196312;83213
MA;São José de Ribamar;161937;244579;82642
SC;Itajaí;183373;264054;80681
SP;Barueri;240749;316473;75724
TO;Palmas;228332;302692;74360
SP;Cotia;201150;274413;73263
SP;Jundiaí;370126;443221;73095
SP;Santo André;676407;748919;72512
SP;São José do Rio Preto;408258;480393;72135
GO;Aparecida de Goiânia;455735;527796;72061
SC;Chapecó;183548;254785;71237
GO;Senador Canedo;84433;155635;71202
RJ;Maricá;127397;197277;69880
SP;Guarulhos;1221979;1291771;69792
GO;Valparaíso de Goiás;131105;198861;67756
PR;Fazenda Rio Grande;81675;148873;67198
SP;São José dos Campos;629921;697054;67133
GO;Águas Lindas de Goiás;159386;225693;66307
PR;São José dos Pinhais;264210;329628;65418
BA;Vitória da Conquista;306014;370879;64865
GO;Anápolis;334623;398869;64246
SP;Mogi das Cruzes;387779;451505;63726
PE;Caruaru;314912;378048;63136
SP;Osasco;666740;728615;61875
PR;Cascavel;286177;348051;61874
SC;São José;209804;270299;60495
BA;Feira de Santana;556588;616272;59684
SP;Piracicaba;364571;423323;58752
BA;Camaçari;242970;300372;57402
SP;Campinas;1081862;1139047;57185
PR;Maringá;355432;409657;54225
SP;Indaiatuba;201619;255748;54129
ES;Vila Velha;414586;467722;53136
SC;Blumenau;308943;361261;52318
PA;Santarém;279805;331942;52137
MG;Montes Claros;362148;414240;52092
PI;Teresina;814230;866300;52070
RJ;Rio das Ostras;105680;156491;50811
PA;Canaã dos Carajás;26716;77079;50363
RN;Parnamirim;202456;252716;50260
PR;Londrina;506447;555965;49518
MT;Rondonópolis;195586;244911;49325
GO;Rio Verde;176424;225696;49272
MS;Dourados;195495;243367;47872
BA;Luís Eduardo Magalhães;60105;107909;47804
MT;Várzea Grande;252361;300078;47717
SP;Itaquaquecetuba;321770;369275;47505
PR;Ponta Grossa;311601;358371;46770
SP;Santana de Parnaíba;108813;154105;45292
SP;São Bernardo do Campo;765463;810729;45266
SP;Suzano;262480;307429;44949
AP;Macapá;398204;442933;44729
MT;Sorriso;66354;110635;44281
SP;Hortolândia;192692;236641;43949
MG;Uberaba;295988;337836;41848
BA;Porto Seguro;126581;168326;41745
PE;Paulista;300466;342167;41701
SC;Camboriú;62361;103074;40713
SP;Sumaré;239562;279545;39983
MA;Paço do Lumiar;105695;145643;39948
BA;Lauro de Freitas;163449;203331;39882
RJ;Macaé;206753;246391;39638
BA;Juazeiro;198241;237821;39580
SC;Jaraguá do Sul;143132;182660;39528
MT;Lucas do Rio Verde;45571;83798;38227
GO;Trindade;104496;142431;37935
GO;Goianira;34058;71916;37858
RN;Extremoz;24569;61635;37066
CE;Caucaia;319637;355679;36042
CE;Juazeiro do Norte;250095;286120;36025
RJ;Cabo Frio;186264;222161;35897
SC;Brusque;105503;141385;35882
GO;Cidade Ocidental;55915;91767;35852
SP;Bauru;343937;379146;35209
PB;Campina Grande;384737;419379;34642
GO;Luziânia;174530;209129;34599
SP;Caraguatatuba;100840;134873;34033
PR;Sarandi;84492;118455;33963
SP;Franca;318640;352536;33896
SP;Araraquara;208662;242228;33566
MT;Primavera do Leste;52051;85146;33095
MG;Ribeirão das Neves;296736;329794;33058
SP;São Carlos;221950;254857;32907
PA;Marabá;233669;266533;32864
MG;Betim;379138;411846;32708
PR;Araucária;119123;151666;32543
SP;Taubaté;278686;310739;32053
SP;Atibaia;126603;158647;32044
RO;Porto Velho;428527;460434;31907
MG;Nova Serrana;73699;105552;31853
SE;Aracaju;571149;602757;31608
SP;Itapevi;200769;232297;31528
SE;Nossa Senhora do Socorro;160827;192330;31503
PR;Toledo;119313;150470;31157
SC;Balneário Camboriú;108089;139155;31066
MG;Nova Lima;80998;111697;30699
CE;Itaitinga;34102;64650;30548
MS;Três Lagoas;101786;132152;30366
SC;Itapema;45797;75940;30143
SP;Bragança Paulista;146744;176811;30067
PR;Foz do Iguaçu;256088;285415;29327
SP;Jacareí;211214;240275;29061
SP;Taboão da Serra;244528;273542;29014
SP;Salto;105516;134319;28803
AC;Rio Branco;336038;364756;28718
SP;Cajamar;64114;92689;28575
SP;Paulínia;82146;110537;28391
CE;Eusébio;46033;74170;28137
GO;Caldas Novas;70487;98622;28135
RS;Caxias do Sul;435551;463501;27950
RN;São Gonçalo do Amarante;87962;115838;27876
GO;Catalão;86644;114427;27783
PA;Altamira;99075;126279;27204
PA;Barcarena;99859;126650;26791
SP;Americana;210638;237240;26602
MG;Esmeraldas;59696;85598;25902
SC;Navegantes;60556;86401;25845
PA;Itaituba;97493;123314;25821
PR;Piraquara;92962;118730;25768
SP;Itupeva;44859;70616;25757
ES;Linhares;141141;166786;25645
MA;Imperatriz;247505;273110;25605
SP;Itanhaém;87057;112476;25419
CE;Maracanaú;209098;234509;25411
AL;Maceió;932642;957916;25274
MG;Extrema;28599;53482;24883
MG;Vespasiano;104516;129246;24730
MG;Juiz de Fora;516247;540756;24509
MT;Nova Mutum;31649;55839;24190
PR;Campo Largo;112213;136327;24114
RS;Canoas;323827;347657;23830
GO;Planaltina;81559;105031;23472
AL;Rio Largo;70685;93927;23242
SC;Barra Velha;22386;45369;22983
MG;Lagoa Santa;52520;75145;22625
MA;São Luís;1015329;1037775;22446
MT;Tangará da Serra;84093;106434;22341
BA;Barreiras;137427;159734;22307
PB;Santa Rita;127676;149910;22234
SC;Criciúma;192305;214493;22188
PR;Curitiba;1751907;1773718;21811
MG;Pouso Alegre;130615;152217;21602
RS;Capão da Canoa;42040;63594;21554
RS;Lajeado;72216;93646;21430
RS;Passo Fundo;184826;206215;21389
AL;Arapiraca;213671;234696;21025
SP;Marília;216745;237627;20882
TO;Araguaína;150484;171301;20817
SC;Tijucas;30960;51592;20632
SC;Araquari;24810;45283;20473
AM;Iranduba;40781;61163;20382
SP;Itatiba;101471;121590;20119
MG;Patos de Minas;139206;159235;20029
RO;Vilhena;76202;95832;19630
SP;Valinhos;106793;126373;19580
CE;Horizonte;55187;74755;19568
CE;Barbalha;55523;75033;19510
RJ;Campos dos Goytacazes;464066;483540;19474
PR;Pato Branco;72370;91836;19466
ES;Guarapari;105286;124656;19370
SP;Votorantim;108618;127923;19305
PR;Colombo;212994;232212;19218
PA;Castanhal;173149;192256;19107
MA;Timon;155579;174465;18886
MG;Contagem;602986;621863;18877
SC;Biguaçu;58206;76773;18567
SP;Araçatuba;181579;200124;18545
RS;Bento Gonçalves;104659;123151;18492
SP;Pindamonhangaba;146995;165428;18433
PE;Cabo de Santo Agostinho;185025;203440;18415
MT;Campo Novo do Parecis;27573;45899;18326
PE;Ipojuca;80637;98932;18295
MA;Balsas;83528;101767;18239
MG;Divinópolis;213016;231091;18075
SP;Presidente Prudente;207610;225668;18058
MG;Araxá;93672;111691;18019
RS;Cachoeirinha;118278;136258;17980
SP;Botucatu;127328;145155;17827
GO;Jataí;88006;105729;17723
PR;Francisco Beltrão;78943;96666;17723
MG;Santana do Paraíso;27265;44800;17535
RJ;Araruama;112228;129671;17443
SP;Carapicuíba;369584;386984;17400
GO;Mineiros;52935;70081;17146
PA;Abaetetuba;141100;158188;17088
SP;Sertãozinho;110074;126887;16813
AM;Itacoatiara;86839;103598;16759
PA;Alenquer;52626;69377;16751
SE;São Cristóvão;78864;95612;16748
AM;Manacapuru;85141;101883;16742
SC;Indaial;54854;71549;16695
SP;Tatuí;107326;123942;16616
PR;Almirante Tamandaré;103217;119825;16608
SP;Bertioga;47645;64188;16543
SE;Barra dos Coqueiros;24976;41511;16535
MG;Santa Luzia;202601;219132;16531
SE;Itabaiana;86967;103440;16473
PI;Parnaíba;145705;162159;16454
PR;Umuarama;100670;117095;16425
SP;Mogi Guaçu;137245;153658;16413
SP;São Caetano do Sul;149263;165655;16392
RJ;São Pedro da Aldeia;87820;104029;16209
SC;Itapoá;14763;30750;15987
SP;Limeira;276022;291869;15847
GO;Formosa;100085;115901;15816
GO;Cristalina;46572;62337;15765
SP;Monte Mor;48949;64662;15713
SP;Mongaguá;46293;61951;15658
TO;Porto Nacional;49146;64418;15272
RJ;Saquarema;74293;89559;15266
SP;Rio Claro;186253;201418;15165
MG;Conselheiro Lafaiete;116512;131621;15109
GO;Itumbiara;92876;107970;15094
CE;Itapipoca;116076;131123;15047
SP;Jaguariúna;44311;59347;15036
PR;Arapongas;104150;119138;14988
RS;Santa Cruz do Sul;118374;133230;14856
SP;Louveira;37080;51847;14767
PA;Baião;36882;51641;14759
PR;Guarapuava;167414;182093;14679
SC;Gaspar;57990;72570;14580
ES;São Mateus;109193;123752;14559
AM;Tabatinga;52272;66764;14492
AL;Marechal Deodoro;46018;60370;14352
CE;Sobral;188677;203023;14346
SP;Ubatuba;78801;92981;14180
GO;Goianésia;59549;73707;14158
MS;Ponta Porã;77877;92017;14140
PA;Breves;92860;106968;14108
SP;Itu;154147;168240;14093
PA;Moju;70018;84094;14076
AM;São Gabriel da Cachoeira;37896;51795;13899
PR;Rolândia;57862;71670;13808
MT;Querência;13033;26769;13736
SP;Jarinu;23847;37535;13688
PA;Santa Izabel do Pará;59466;73019;13553
SP;Itapetininga;144377;157790;13413
MG;Varginha;123081;136467;13386
AC;Cruzeiro do Sul;78507;91888;13381
PA;Cametá;120896;134184;13288
AM;Humaitá;44227;57473;13246
SP;Franco da Rocha;131604;144849;13245
MT;Campo Verde;31348;44585;13237
MG;Sete Lagoas;214221;227397;13176
PE;Igarassu;102021;115196;13175
PE;Garanhuns;129408;142506;13098
RN;Macaíba;69173;82249;13076
SC;Concórdia;68625;81646;13021
PE;Serra Talhada;79232;92228;12996
ES;Aracruz;81832;94765;12933
MG;Pará de Minas;84215;97139;12924
SP;Mairiporã;80956;93853;12897
MT;Barra do Garças;56315;69210;12895
SP;Vinhedo;63656;76540;12884
SC;Tubarão;97249;110088;12839
RS;Tramandaí;41585;54387;12802
SP;Boituva;48314;61081;12767
SP;Bady Bassitt;14603;27260;12657
MG;Lavras;92200;104761;12561
PR;Medianeira;41817;54369;12552
BA;Eunápolis;101255;113710;12455
RJ;Armação dos Búzios;27560;40006;12446
CE;Tianguá;69083;81506;12423
SC;Imbituba;40170;52579;12409
PA;Xinguara;40573;52893;12320
MG;Ibirité;158224;170537;12313
MG;Manhuaçu;79574;91886;12312
PR;Campo Mourão;87177;99432;12255
GO;Abadia de Goiás;6891;19128;12237
AM;Tefé;61453;73669;12216
MG;Itaúna;85463;97669;12206
MS;Chapadão do Sul;18815;30993;12178
SP;Araras;118843;130866;12023
BA;Santo Antônio de Jesus;91057;103055;11998
SP;Votuporanga;84692;96634;11942
PA;Benevides;51651;63567;11916
AL;Satuba;12443;24278;11835
SC;Garopaba;18138;29959;11821
SP;Arujá;74905;86678;11773
PR;Mandaguaçu;19781;31457;11676
MA;Grajaú;62234;73872;11638
SC;Porto Belo;16083;27688;11605
SC;Guaramirim;35172;46711;11539
SP;Caçapava;84752;96202;11450
MG;Poços de Caldas;152435;163742;11307
PA;Anapu;20543;31850;11307
SC;Rio do Sul;61297;72587;11290
PA;Muaná;34204;45368;11164
PA;Tomé-Açu;56518;67585;11067
SC;Içara;47982;59035;11053
MG;Sarzedo;25814;36844;11030
MG;Igarapé;34851;45847;10996
RN;Ceará-Mirim;68141;79115;10974
SP;Ferraz de Vasconcelos;168306;179198;10892
MT;Sapezal;18089;28944;10855
SP;Nova Odessa;51242;62019;10777
SC;Bombinhas;14293;25058;10765
RJ;Casimiro de Abreu;35347;46110;10763
CE;São Gonçalo do Amarante;43393;54143;10750
RS;Santa Maria;261032;271735;10703
PE;Santa Cruz do Capibaribe;87582;98254;10672
SP;Francisco Morato;154472;165139;10667
SC;Araranguá;61292;71922;10630
MT;Pontes e Lacerda;41408;52018;10610
MA;Barreirinhas;55029;65589;10560
SP;Embu das Artes;240230;250691;10461
PR;Paranavaí;81590;92001;10411
SP;Barretos;112101;122485;10384
GO;Hidrolândia;17398;27742;10344
PA;Portel;52172;62503;10331
SP;Birigui;108728;118979;10251
PR;Cambé;96987;107208;10221
SP;Tremembé;40984;51173;10189
SC;São Francisco do Sul;42520;52674;10154
SC;Balneário Piçarras;17078;27127;10049
PA;Redenção;75556;85597;10041
PE;Gravatá;76476;86516;10040
PR;Paiçandu;35936;45962;10026
MG;Mateus Leme;27856;37841;9985
PR;Guaratuba;32095;42062;9967
MT;Confresa;25124;35075;9951
CE;Pacatuba;71581;81524;9943
PA;Jacareacanga;14103;24042;9939
PR;Marialva;31959;41851;9892
GO;Morrinhos;41465;51351;9886
SP;Avaré;82934;92805;9871
PA;Bragança;113227;123082;9855
RJ;Resende;119769;129612;9843
GO;Bela Vista de Goiás;24613;34445;9832
PR;Matinhos;29428;39259;9831
CE;Crato;121260;131050;9790
PR;Pinhais;117253;127019;9766
RS;Canela;39227;48946;9719
SP;Jandira;108344;118045;9701
RS;Erechim;96085;105705;9620
BA;Alagoinhas;141463;151055;9592
PR;Cianorte;69958;79527;9569
SP;Mirassol;53792;63337;9545
PA;Senador José Porfírio;13045;22576;9531
PR;Pontal do Paraná;20920;30425;9505
PE;Arcoverde;68253;77742;9489
MT;Alta Floresta;49142;58613;9471
AM;Autazes;32135;41564;9429
BA;Guanambi;78452;87817;9365
GO;Itaberaí;35374;44734;9360
RS;Gravataí;255723;265074;9351
SC;Timbó;36774;46099;9325
MG;Paracatu;84718;94023;9305
PR;Apucarana;120919;130134;9215
RS;Imbé;17670;26824;9154
CE;Pacajus;61838;70983;9145
MG;São Gotardo;31819;40910;9091
ES;Itapemirim;30768;39832;9064
MG;Unaí;77557;86619;9062
PR;Campina Grande do Sul;38769;47825;9056
PA;Brasil Novo;15690;24718;9028
CE;Quixeramobim;73160;82177;9017
PR;Marechal Cândido Rondon;46819;55836;9017
AM;Maués;52236;61204;8968
SP;São João da Boa Vista;83639;92547;8908
GO;Santo Antônio do Descoberto;63233;72127;8894
SC;Forquilhinha;22548;31431;8883
RR;Pacaraima;10433;19305;8872
MG;São Joaquim de Bicas;25537;34348;8811
GO;Novo Gama;94996;103804;8808
AM;Boa Vista do Ramos;14979;23785;8806
MA;Turilândia;22846;31638;8792
RS;Marau;36364;45124;8760
PA;Mojuí dos Campos;14775;23501;8726
SE;Nossa Senhora da Glória;32497;41212;8715
PR;Dois Vizinhos;36179;44869;8690
SP;Várzea Paulista;107089;115771;8682
PI;Picos;74435;83090;8655
PI;Altos;38822;47453;8631
CE;Jijoca de Jericoacoara;16958;25555;8597
SP;Peruíbe;59773;68352;8579
PB;Cabedelo;57944;66519;8575
MG;Juatuba;22170;30716;8546
MS;Costa Rica;17507;26037;8530
SC;Penha;25141;33663;8522
GO;Palmeiras de Goiás;23339;31858;8519
PA;Novo Progresso;25124;33638;8514
SP;Caieiras;86529;95032;8503
ES;Colatina;111537;120033;8496
SC;São Bento do Sul;74796;83277;8481
ES;Viana;65001;73423;8422
BA;Irecê;66117;74507;8390
RS;Santa Rosa;68587;76963;8376
TO;Gurupi;76755;85125;8370
RR;Rorainópolis;24279;32647;8368
MT;Água Boa;20856;29219;8363
PE;São Lourenço da Mata;102889;111249;8360
RO;Cacoal;78574;86887;8313
SC;Lages;156727;164981;8254
SC;Videira;47228;55466;8238
SP;Iperó;28300;36459;8159
RN;Nísia Floresta;23784;31942;8158
CE;Acaraú;57190;65264;8074
MA;Chapadinha;73350;81386;8036
PA;Bagre;23864;31892;8028
SC;São Miguel do Oeste;36306;44330;8024
MG;Araguari;109801;117808;8007
CE;Aquiraz;72652;80645;7993
TO;Paraíso do Tocantins;44417;52360;7943
MG;Itabirito;45452;53365;7913
RJ;Nova Friburgo;182057;189939;7882
AC;Tarauacá;35590;43467;7877
RS;Gramado;32290;40134;7844
ES;Marataízes;34140;41929;7789
AM;Lábrea;37701;45448;7747
PA;Paragominas;97819;105550;7731
RO;Ji-Paraná;116610;124333;7723
GO;Nerópolis;24213;31932;7719
RJ;Paraty;37533;45243;7710
SP;São Sebastião;73942;81595;7653
SP;Jardinópolis;37661;45282;7621
SP;Porto Feliz;48893;56497;7604
GO;Cocalzinho de Goiás;17414;25016;7602
BA;Prado;27413;35003;7590
RN;São José de Mipibu;39698;47286;7588
BA;Jequié;151301;158813;7512
SC;Xanxerê;44128;51607;7479
MS;Maracaju;37594;45047;7453
SC;Santo Amaro da Imperatriz;19823;27272;7449
ES;Santa Maria de Jetibá;34197;41636;7439
SC;Balneário Gaivota;8234;15669;7435
SP;Vargem Grande Paulista;42997;50415;7418
MS;São Gabriel do Oeste;22162;29579;7417
MG;Patrocínio;82471;89826;7355
PA;Salinópolis;37421;44772;7351
GO;Padre Bernardo;27661;34967;7306
SP;Artur Nogueira;44177;51456;7279
AM;Jutaí;17992;25172;7180
PR;Itaperuçu;24044;31217;7173
MG;Mariana;54219;61387;7168
PA;Dom Eliseu;51319;58484;7165
SP;Diadema;386089;393237;7148
BA;Casa Nova;64940;72086;7146
RJ;Seropédica;73463;80596;7133
MT;Canarana;18754;25858;7104
RS;Torres;34656;41751;7095
MT;Paranatinga;19339;26423;7084
PE;Belo Jardim;72432;79507;7075
CE;Trairi;51422;58415;6993
AP;Oiapoque;20509;27482;6973
PA;Curuçá;34294;41262;6968
PR;Rio Branco do Sul;30617;37558;6941
MS;Rio Brilhante;30663;37601;6938
AM;Manicoré;47017;53914;6897
BA;Teixeira de Freitas;138341;145216;6875
SP;Ibitinga;53158;60033;6875
CE;Cascavel;65897;72720;6823
MG;São Sebastião do Paraíso;64980;71796;6816
SP;Mairinque;43223;50027;6804
PA;Ananindeua;471980;478778;6798
CE;Cruz;22983;29761;6778
PA;Capanema;63639;70394;6755
PA;Igarapé-Miri;58077;64831;6754
SP;Ilhabela;28196;34934;6738
SE;Lagarto;94861;101579;6718
CE;Paracuru;32310;38980;6670
MG;Curvelo;74004;80665;6661
PE;Araripina;78429;85088;6659
PA;Porto de Moz;33956;40597;6641
RS;Farroupilha;63675;70286;6611
PI;São Raimundo Nonato;32327;38934;6607
MT;Juína;39267;45869;6602
SP;São Pedro;31662;38256;6594
MG;João Monlevade;73610;80187;6577
PE;Itaíba;26122;32650;6528
BA;São Gonçalo dos Campos;32990;39513;6523
SC;Pomerode;27778;34289;6511
SP;Fernandópolis;64696;71186;6490
RS;Osório;40907;47396;6489
SC;Balneário Barra do Sul;8430;14912;6482
RO;Ariquemes;90353;96833;6480
RJ;Itaboraí;217790;224267;6477
MA;Pinheiro;78162;84621;6459
PA;Mãe do Rio;27904;34353;6449
BA;Conceição do Coité;61378;67825;6447
SC;São João Batista;26260;32687;6427
SP;Leme;91756;98161;6405
AP;Santana;101262;107618;6356
PR;Palotina;28683;35011;6328
RS;Nova Santa Rita;22716;29024;6308
PB;Queimadas;41361;47658;6297
MG;São José da Lapa;19799;26090;6291
SC;Passo de Torres;6627;12897;6270
SP;Assis;95144;101409;6265
SC;Balneário Arroio do Silva;9586;15820;6234
PA;Prainha;29349;35577;6228
SC;Xaxim;25713;31918;6205
PB;Conde;21400;27605;6205
PA;Rondon do Pará;46964;53143;6179
PI;Bom Jesus;22629;28796;6167
SC;Maravilha;22116;28251;6135
MG;Bom Despacho;45624;51737;6113
SC;Guabiruba;18430;24543;6113
AM;Urucurituba;17837;23945;6108
ES;Anchieta;23902;29984;6082
PE;Vitória de Santo Antão;128017;134084;6067
SP;Mogi Mirim;86505;92558;6053
BA;Brumado;64493;70510;6017
PR;Castro;67084;73075;5991
BA;Nordestina;12541;18523;5982
SP;Guaratinguetá;112072;118044;5972
MT;Aripuanã;18656;24626;5970
CE;Aracati;69177;75113;5936
MT;Matupá;14174;20091;5917
SP;Itapecerica da Serra;152614;158522;5908
CE;Brejo Santo;45189;51090;5901
PE;Manari;17887;23763;5876
GO;Chapadão do Céu;7001;12870;5869
RS;Ijuí;78915;84780;5865
PA;Tucumã;33690;39550;5860
PE;Goiana;75231;81055;5824
RO;Rolim de Moura;50648;56406;5758
MG;São João del Rei;84469;90225;5756
PE;Salgueiro;56629;62372;5743
SP;Registro;54261;59947;5686
MA;São Bento;40736;46395;5659
MG;Passos;106290;111939;5649
SC;Pinhalzinho;16346;21972;5626
MT;Poxoréu;17659;23283;5624
GO;Uruaçu;36937;42546;5609
PE;Surubim;58515;64120;5605
PE;Inajá;20007;25603;5596
PE;Toritama;35554;41137;5583
GO;Guapó;13976;19545;5569
SP;Santa Fé do Sul;29239;34794;5555
RN;Tibau do Sul;11385;16929;5544
RS;Teutônia;27272;32797;5525
CE;Itarema;37453;42957;5504
PA;Oriximiná;62794;68294;5500
MS;Ivinhema;22341;27821;5480
PI;José de Freitas;37085;42559;5474
RS;Panambi;38044;43515;5471
PA;Acará;53569;59023;5454
MG;Lagoa da Prata;45984;51412;5428
SP;Cabreúva;41604;47011;5407
SP;Guararema;25844;31236;5392
CE;Tauá;55849;61227;5378
RR;Uiramutã;8375;13751;5376
MS;Nova Alvorada do Sul;16450;21822;5372
MS;Aparecida do Taboado;22307;27674;5367
PR;Paranaguá;140469;145829;5360
PR;Palmas;42888;48247;5359
PA;Curralinho;28549;33903;5354
RS;Estância Velha;42574;47924;5350
BA;Serrinha;75095;80435;5340
MG;Conceição das Alagoas;23043;28381;5338
SP;Capela do Alto;17532;22866;5334
PR;Campo Magro;24843;30160;5317
RS;Tapejara;19250;24557;5307
PE;Paudalho;51361;56665;5304
RS;Carlos Barbosa;25162;30420;5258
MG;Conceição do Mato Dentro;17905;23163;5258
PA;Oeiras do Pará;28595;33844;5249
AM;Beruri;15486;20718;5232
GO;Quirinópolis;43221;48447;5226
PR;Mandirituba;22220;27439;5219
RS;Eldorado do Sul;34343;39559;5216
MG;Alfenas;73774;78970;5196
BA;Conceição do Jacuípe;30112;35308;5196
RJ;Itaperuna;95867;101041;5174
PR;Telêmaco Borba;69872;75042;5170
PE;Afogados da Ingazeira;35088;40241;5153
MG;Capelinha;34477;39626;5149
SP;Araçoiaba da Serra;27299;32443;5144
BA;Capim Grosso;28093;33235;5142
SC;Balneário Rincão;10851;15981;5130
SC;Presidente Getúlio;14883;20010;5127
MG;Frutal;53468;58588;5120
PA;Ourilândia do Norte;27359;32467;5108
TO;Lagoa da Confusão;10210;15288;5078
SP;Cerquilho;39617;44695;5078
SP;Lençóis Paulista;61428;66505;5077
RJ;Iguaba Grande;22848;27920;5072
CE;Pindoretama;18334;23391;5057
PI;Uruçuí;20149;25203;5054
SP;Olímpia;50024;55074;5050
MG;Ituiutaba;97171;102217;5046
RR;Normandia;8940;13986;5046
BA;Dias d'Ávila;66440;71485;5045
SP;Serrana;38878;43909;5031
MG;Camanducaia;21080;26097;5017
MS;Sidrolândia;42114;47118;5004
BA;Vera Cruz;37567;42529;4962
MG;Brumadinho;33973;38915;4942
RS;Montenegro;59415;64322;4907
AP;Mazagão;17032;21924;4892
PB;Cajazeiras;58365;63239;4874
BA;São Desidério;27976;32828;4852
MS;Caarapó;25770;30612;4842
BA;Maraú;19689;24527;4838
BA;Jacobina;77758;82590;4832
MG;Arcos;36597;41416;4819
AM;Boca do Acre;30632;35447;4815
PR;Santo Antônio do Sudoeste;18893;23673;4780
RR;Cantá;13902;18682;4780
RN;Mossoró;259815;264577;4762
CE;Viçosa do Ceará;54955;59712;4757
SC;Braço do Norte;29019;33773;4754
ES;Cariacica;348738;353491;4753
SC;Schroeder;15316;20061;4745
BA;Macarani;16880;21599;4719
BA;Euclides da Cunha;56739;61456;4717
SC;Ilhota;12355;17046;4691
MT;Nova Xavantina;19657;24345;4688
RR;Alto Alegre;16448;21096;4648
SP;Cedral;7972;12618;4646
PA;Capitão Poço;51893;56506;4613
RJ;Mangaratiba;36610;41220;4610
AC;Brasiléia;21398;26000;4602
RR;Amajari;9327;13927;4600
MS;Amambai;34730;39325;4595
BA;Paulo Afonso;108308;112870;4562
BA;Santo Estêvão;47726;52276;4550
PA;Monte Alegre;55462;60012;4550
PA;Limoeiro do Ajuru;25021;29569;4548
MG;Ouro Preto;70281;74821;4540
PR;Floresta;5931;10458;4527
MA;Raposa;26369;30839;4470
SP;Andradina;55334;59783;4449
AC;Bujari;8471;12917;4446
SP;Araçariguama;17080;21522;4442
PE;Carpina;74858;79293;4435
GO;Iporá;31278;35684;4406
RS;Cidreira;12668;17071;4403
MG;Santa Juliana;11337;15734;4397
SP;Ilha Comprida;9025;13419;4394
MG;Cláudio;25771;30159;4388
SP;Ibiúna;71217;75605;4388
CE;Limoeiro do Norte;55180;59560;4380
MG;Congonhas;48519;52890;4371
PR;Siqueira Campos;18454;22811;4357
PI;Floriano;57690;62036;4346
PR;Quatro Barras;19851;24191;4340
BA;Seabra;41821;46160;4339
PR;Cafelândia;14662;18997;4335
BA;Campo Formoso;67059;71377;4318
SC;Ituporanga;22226;26525;4299
RS;Nova Petrópolis;19040;23300;4260
RN;Goianinha;22481;26741;4260
ES;Jaguaré;24678;28931;4253
AM;Benjamin Constant;33411;37648;4237
MG;Viçosa;72220;76430;4210
SP;Embu-Guaçu;62769;66970;4201
ES;Piúma;18110;22300;4190
MG;Piumhi;31883;36062;4179
RJ;São João da Barra;32412;36573;4161
MA;Bacabal;99557;103711;4154
PR;Carambeí;19163;23283;4120
SC;Campos Novos;32819;36932;4113
RS;Balneário Pinhal;10856;14955;4099
SP;Brodowski;21107;25201;4094
AC;Mâncio Lima;15206;19294;4088
PA;Augusto Corrêa;40497;44573;4076
MG;Jaíba;33602;37660;4058
PR;Mandaguari;32658;36716;4058
MS;Bonito;19605;23659;4054
PE;Abreu e Lima;94425;98462;4037
MS;Naviraí;46424;50457;4033
RS;Xangri-lá;12434;16463;4029
MG;Itapeva;8664;12692;4028
BA;São Francisco do Conde;34707;38733;4026
CE;Beberibe;49095;53114;4019
AC;Manoel Urbano;7981;11996;4015
SE;Simão Dias;38581;42578;3997
MT;Tapurah;10377;14370;3993
SE;Itaporanga d'Ajuda;30419;34411;3992
PE;Itapissuma;23769;27749;3980
MA;Santa Rita;33078;37035;3957
GO;Inhumas;48257;52204;3947
PA;Salvaterra;20183;24129;3946
PA;Santa Bárbara do Pará;17141;21087;3946
SP;Cerqueira César;17532;21469;3937
SC;Governador Celso Ramos;12999;16915;3916
MG;Janaúba;66803;70699;3896
MG;Urucuia;13604;17479;3875
SP;José Bonifácio;32763;36633;3870
MA;Cantanhede;20448;24303;3855
BA;Barra da Estiva;22173;26026;3853
SP;Engenheiro Coelho;15721;19566;3845
PE;Custódia;33855;37699;3844
SP;Guapiaçu;17869;21711;3842
MG;Pedro Leopoldo;58740;62580;3840
MS;Água Clara;12902;16741;3839
MG;Iturama;34456;38295;3839
GO;São Luís de Montes Belos;30033;33852;3819
PA;Juruti;47086;50881;3795
SP;Holambra;11299;15094;3795
RS;Frederico Westphalen;28843;32627;3784
GO;São João d'Aliança;10257;14041;3784
SC;Garuva;14761;18545;3784
RJ;Porto Real;16592;20373;3781
BA;Cansanção;33668;37439;3771
PR;Assis Chateaubriand;33037;36808;3771
SC;Antônio Carlos;7458;11224;3766
RS;Flores da Cunha;27139;30892;3753
SC;Guatambú;4679;8425;3746
SP;Álvares Machado;23513;27255;3742
PE;Vertentes;18222;21959;3737
BA;Itacaré;23971;27704;3733
AM;Santo Antônio do Içá;24481;28211;3730
RJ;São Francisco de Itabapoana;41354;45059;3705
PI;Piripiri;61834;65538;3704
AM;Barreirinha;27355;31051;3696
BA;Ibicoara;17099;20785;3686
GO;Pirenópolis;23008;26690;3682
PB;Alhandra;18055;21730;3675
MT;Campos de Júlio;5154;8822;3668
RS;Araricá;4864;8525;3661
MG;Matozinhos;33958;37618;3660
AC;Epitaciolândia;15100;18757;3657
RS;Garibaldi;30679;34335;3656
MA;Matões do Norte;13794;17432;3638
SP;Salto de Pirapora;40132;43748;3616
GO;Pires do Rio;28761;32373;3612
PE;Ferreiros;11418;15026;3608
SP;Barrinha;28496;32092;3596
CE;Crateús;72817;76390;3573
PA;Cumaru do Norte;10466;14036;3570
ES;Domingos Martins;31847;35416;3569
MG;Itabira;109783;113343;3560
CE;Quixadá;80608;84168;3560
SP;Campo Limpo Paulista;74074;77632;3558
MA;Turiaçu;33933;37491;3558
PA;Marituba;108246;111785;3539
PA;Cachoeira do Arari;20443;23981;3538
GO;Aragoiânia;8365;11890;3525
SP;Cesário Lange;15540;19048;3508
SP;Serra Negra;26387;29894;3507
CE;Guaraciaba do Norte;38548;42053;3505
AM;Presidente Figueiredo;27175;30668;3493
RJ;Arraial do Cabo;27496;30986;3490
SP;Itapira;68537;72022;3485
MA;Santa Helena;38078;41561;3483
GO;Posse;31432;34914;3482
BA;Coração de Maria;23213;26692;3479
PE;Brejo da Madre de Deus;45180;48648;3468
MG;Carmo do Cajuru;20012;23479;3467
PI;União;42654;46119;3465
SP;Pirassununga;70081;73545;3464
MG;Ouro Branco;35268;38724;3456
PR;Cruzeiro do Oeste;20384;23831;3447
SP;Socorro;36686;40122;3436
SP;Cordeirópolis;21080;24514;3434
MA;Urbano Santos;29386;32812;3426
AL;Maragogi;28749;32174;3425
GO;Alto Paraíso de Goiás;6885;10306;3421
PR;Santa Terezinha de Itaipu;20841;24262;3421
BA;Formosa do Rio Preto;22490;25899;3409
PR;Ibiporã;48198;51603;3405
TO;Colinas do Tocantins;30838;34233;3395
BA;Itaberaba;61681;65073;3392
ES;Venda Nova do Imigrante;20447;23831;3384
ES;Marechal Floriano;14262;17641;3379
SC;Sombrio;26613;29991;3378
GO;Indiara;13690;17061;3371
BA;Santa Cruz Cabrália;25827;29185;3358
MG;Perdigão;8912;12268;3356
PR;São Miguel do Iguaçu;25769;29122;3353
SP;Lins;71432;74779;3347
MG;Muriaé;100765;104108;3343
MG;Engenheiro Caldas;10280;13622;3342
GO;Jaraguá;41883;45223;3340
SP;Santa Bárbara d'Oeste;180009;183347;3338
SP;Pederneiras;41497;44827;3330
BA;Presidente Tancredo Neves;24409;27734;3325
RS;São Leopoldo;214087;217409;3322
RS;Arroio do Sal;7740;11057;3317
AC;Sena Madureira;38029;41343;3314
PE;Camaragibe;144466;147771;3305
RR;Mucajaí;14792;18095;3303
MG;Andradas;37270;40553;3283
MG;Jaboticatubas;17134;20406;3272
RN;Açu;53227;56496;3269
PA;Anajás;24759;28011;3252
PR;Contenda;15891;19128;3237
GO;Bom Jesus de Goiás;20727;23958;3231
RS;Santo Antônio da Patrulha;39722;42947;3225
RS;Portão;30868;34071;3203
PI;Esperantina;37767;40970;3203
RJ;Paty do Alferes;26416;29619;3203
PR;Carlópolis;13706;16905;3199
GO;Alexânia;23814;27008;3194
PR;Vitorino;6513;9706;3193
MS;Bataguassu;19839;23031;3192
PR;Ubiratã;21558;24749;3191
PE;Trindade;27142;30321;3179
RS;Arroio do Meio;18783;21958;3175
AM;Canutama;13695;16869;3174
GO;Goiatuba;32493;35664;3171
SP;Penápolis;58510;61679;3169
BA;Sobradinho;22310;25475;3165
SP;Agudos;34524;37680;3156
RJ;Itaguaí;113691;116841;3150
ES;Presidente Kennedy;10547;13696;3149
MG;São Lourenço;41657;44798;3141
RS;Dois Irmãos;27572;30709;3137
ES;Vitória;319738;322869;3131
SC;Joaçaba;27020;30146;3126
MG;Formiga;65128;68248;3120
AM;Silves;8444;11559;3115
RS;Ivoti;19874;22983;3109
BA;Caetité;48913;52012;3099
PI;Barras;44850;47938;3088
SC;Jaguaruna;17290;20375;3085
PR;Tijucas do Sul;14537;17621;3084
PI;Demerval Lobão;13278;16352;3074
PA;Melgaço;24808;27881;3073
SC;São Lourenço do Oeste;21725;24791;3066
SP;Valentim Gentil;11036;14098;3062
AM;Fonte Boa;22817;25871;3054
MG;Cambuí;26488;29536;3048
SP;Potirendaba;15449;18496;3047
PR;Irati;56207;59250;3043
CE;Icapuí;18392;21433;3041
MG;Itatiaiuçu;9928;12966;3038
SP;Piratininga;12072;15108;3036
GO;Silvânia;19210;22245;3035
ES;Nova Venécia;46031;49065;3034
PE;Bezerros;58668;61694;3026
AC;Feijó;32412;35426;3014
ES;Ibatiba;22366;25380;3014
MG;São Sebastião do Oeste;5805;8815;3010
BA;Santaluz;34833;37834;3001
MG;Sabará;126384;129380;2996
MS;Nova Andradina;45578;48563;2985
CE;Amontada;39172;42156;2984
RR;Bonfim;10943;13923;2980
SP;Catanduva;112820;115791;2971
AM;Carauari;25774;28742;2968
MT;São Félix do Araguaia;10655;13621;2966
SC;Caçador;70762;73720;2958
PE;Lajedo;36628;39582;2954
PA;Vigia;47889;50832;2943
CE;Missão Velha;33898;36822;2924
AL;Delmiro Gouveia;48399;51318;2919
BA;Maracás;24701;27620;2919
PR;Realeza;16338;19247;2909
AM;Itamarati;8038;10937;2899
RO;Nova Mamoré;22546;25444;2898
PR;Jaguapitã;12225;15122;2897
PA;Óbidos;49333;52229;2896
RJ;Volta Redonda;258669;261563;2894
RN;Guamaré;12404;15295;2891
MG;Monte Sião;21203;24089;2886
MG;Santa Rita do Sapucaí;37754;40635;2881
SP;Conchal;25229;28101;2872
AC;Marechal Thaumaturgo;14227;17093;2866
SE;Tobias Barreto;48040;50905;2865
GO;Goianápolis;11104;13967;2863
RS;Nova Prata;22830;25692;2862
RS;Vacaria;61342;64197;2855
PE;Tamandaré;20715;23561;2846
PR;Santa Tereza do Oeste;10332;13174;2842
MG;João Pinheiro;43962;46801;2839
MG;Santa Vitória;18138;20973;2835
MT;Alto Taquari;8072;10904;2832
BA;Serra do Ramalho;31391;34222;2831
CE;Iguatu;95243;98064;2821
RS;Venâncio Aires;65953;68763;2810
RN;Serra do Mel;10287;13091;2804
BA;Bom Jesus da Lapa;62771;65550;2779
MG;Sacramento;23896;26670;2774
RJ;Bom Jardim;25333;28102;2769
GO;Bonfinópolis;7531;10296;2765
CE;São Benedito;44875;47640;2765
PI;Baixa Grande do Ribeiro;10516;13272;2756
MG;Jacutinga;22772;25525;2753
MG;Perdizes;14404;17151;2747
PR;Imbaú;11503;14249;2746
TO;São Miguel do Tocantins;10497;13241;2744
PA;São Sebastião da Boa Vista;22904;25643;2739
RN;Pau dos Ferros;27745;30479;2734
RN;Baraúna;24182;26913;2731
RS;Vera Cruz;23983;26710;2727
PR;Sabáudia;6096;8822;2726
BA;Ibirapitanga;22618;25344;2726
PA;Gurupá;29062;31786;2724
PA;Afuá;35042;37765;2723
SP;Santa Isabel;50453;53174;2721
BA;Ourolândia;16522;19243;2721
MG;Três Corações;72765;75485;2720
MS;Itaporã;21418;24137;2719
BA;Ribeira do Pombal;51293;54010;2717
RS;Serafina Corrêa;14253;16961;2708
MG;Mário Campos;13192;15900;2708
MT;Alto Garças;10345;13052;2707
PA;Bom Jesus do Tocantins;15298;18005;2707
BA;Alcobaça;21823;24530;2707
MT;Ipiranga do Norte;5113;7815;2702
MT;Jaciara;25882;28569;2687
GO;Santo Antônio de Goiás;4703;7386;2683
RS;Sapiranga;72968;75648;2680
PB;Mamanguape;41920;44599;2679
MG;Teófilo Otoni;134745;137418;2673
MA;Buriti;27013;29685;2672
ES;Sooretama;23843;26502;2659
PE;Ilha de Itamaracá;21884;24540;2656
BA;Campo Alegre de Lourdes;28021;30671;2650
MG;Rio Paranaíba;11885;14532;2647
AC;Jordão;6577;9222;2645
AM;Apuí;18007;20647;2640
SP;Pirapora do Bom Jesus;15733;18370;2637
SC;Lontras;10244;12873;2629
GO;Itapaci;18458;21087;2629
AL;Craíbas;22785;25397;2612
BA;Wenceslau Guimarães;21867;24474;2607
RJ;Belford Roxo;480487;483087;2600
SP;Santo Antônio de Posse;20650;23244;2594
PR;Morretes;15718;18309;2591
RN;Touros;30472;33035;2563
RJ;Queimados;137962;140523;2561
CE;Forquilha;21614;24173;2559
RR;Caracaraí;18398;20957;2559
SE;Poço Redondo;30888;33439;2551
SC;Ibirama;17315;19862;2547
SC;Capinzal;20769;23314;2545
RR;Caroebe;8114;10656;2542
AM;Uarini;11891;14431;2540
MG;Prata;25802;28342;2540
MG;Barão de Cocais;28241;30778;2537
MA;Paulino Neves;14519;17056;2537
RJ;Cachoeiras de Macacu;54408;56943;2535
PR;Jaguariaíva;32606;35141;2535
RO;Candeias do Jamari;19779;22310;2531
PE;São João;21312;23837;2525
SP;Santa Cruz do Rio Pardo;43921;46442;2521
PI;Oeiras;35640;38161;2521
CE;Russas;70408;72928;2520
MA;Governador Edison Lobão;15895;18411;2516
TO;Pedro Afonso;11539;14055;2516
PE;Tupanatinga;24425;26937;2512
SC;São Ludgero;10998;13509;2511
CE;Massapê;35190;37697;2507
AM;Eirunepé;30665;33170;2505
CE;Fortim;14791;17294;2503
MA;Açailândia;104047;106550;2503
AM;Caapiranga;10975;13469;2494
AL;Paripueira;11347;13835;2488
RS;Carazinho;59317;61804;2487
SC;Sangão;10400;12882;2482
PB;Patos;100693;103165;2472
PR;Itaipulândia;9026;11485;2459
SP;Jaú;131040;133497;2457
MT;Pedra Preta;15610;18066;2456
RS;Guaporé;22814;25268;2454
RS;Encantado;20513;22962;2449
SC;Treze Tílias;6341;8787;2446
PA;Aveiro;15849;18290;2441
BA;Poções;45855;48293;2438
SP;Itajobi;14556;16989;2433
CE;Frecheirinha;13227;15657;2430
SC;Massaranduba;14736;17162;2426
PR;Piên;11236;13655;2419
MG;Itajubá;90658;93073;2415
SC;Morro da Fumaça;16126;18537;2411
BA;Ponto Novo;15529;17938;2409
GO;Vianópolis;12548;14956;2408
MG;Delta;8089;10494;2405
MT;Vera;10402;12800;2398
MG;Santa Bárbara;28077;30466;2389
BA;Cairu;15374;17761;2387
SC;Mafra;52912;55286;2374
PB;Pedras de Fogo;27289;29662;2373
MA;Porto Franco;21530;23903;2373
PR;Matelândia;16078;18450;2372
SC;Paulo Lopes;6692;9063;2371
CE;Paraipaba;29849;32216;2367
AM;Novo Aripuanã;21451;23818;2367
MT;Nova Ubiratã;9175;11530;2355
MT;Gaúcha do Norte;6292;8642;2350
MG;Araporã;6144;8479;2335
PR;Nova Prata do Iguaçu;10377;12699;2322
SP;Lorena;82537;84855;2318
SP;Brotas;21580;23898;2318
SC;Pouso Redondo;14810;17123;2313
PR;Ampére;17308;19620;2312
PR;Bocaiúva do Sul;10987;13299;2312
MA;São Pedro da Água Branca;12028;14338;2310
MG;Ervália;17946;20255;2309
SC;Capivari de Baixo;21674;23975;2301
SP;Bom Jesus dos Perdões;19708;22006;2298
PR;União da Vitória;52735;55033;2298
SP;Ipiguá;4463;6761;2298
SC;Curitibanos;37748;40045;2297
BA;Gandu;29887;32178;2291
MT;Vila Bela da Santíssima Trindade;14493;16774;2281
MA;Palmeirândia;18780;21059;2279
BA;Livramento de Nossa Senhora;41625;43903;2278
RS;Ibirubá;19310;21583;2273
SC;Orleans;21393;23661;2268
RN;Monte Alegre;20763;23031;2268
MT;Itanhangá;5276;7539;2263
BA;Rodelas;8056;10308;2252
PE;Caetés;26577;28827;2250
SP;Matão;76786;79033;2247
BA;João Dourado;22609;24854;2245
BA;Pilão Arcado;33118;35357;2239
MG;Pirapora;53368;55606;2238
SC;Canoinhas;52779;55016;2237
PI;Luís Correia;28406;30641;2235
MA;Carutapera;22006;24238;2232
PE;São José do Belmonte;32617;34843;2226
PR;Cambira;7236;9460;2224
BA;Sítio do Quinto;12553;14773;2220
SC;Canelinha;10603;12821;2218
SP;Dracena;43258;45474;2216
SP;Ribeirão Pires;113354;115559;2205
MS;Ribas do Rio Pardo;20946;23150;2204
MG;Capitólio;8183;10380;2197
MA;Apicum-Açu;15323;17519;2196
PI;Nazária;8068;10262;2194
MG;Bom Repouso;10457;12649;2192
BA;Mata de São João;40375;42566;2191
RS;Capão do Leão;24298;26487;2189
ES;Castelo;34747;36930;2183
MG;Espírito Santo do Dourado;4429;6611;2182
SE;Canindé de São Francisco;24654;26834;2180
SP;Amparo;65829;68008;2179
PA;Vitória do Xingu;13431;15607;2176
AM;Tonantins;17079;19247;2168
CE;Camocim;60158;62326;2168
CE;Pentecoste;35651;37813;2162
MG;Caratinga;85207;87360;2153
AC;Xapuri;16091;18243;2152
MS;Mundo Novo;17043;19193;2150
RJ;Quissamã;20253;22393;2140
AL;Barra de Santo Antônio;14230;16365;2135
MT;Juara;32781;34906;2125
SP;Porangaba;8326;10451;2125
RJ;Itatiaia;28783;30908;2125
SP;Pinhalzinho;13105;15224;2119
TO;Guaraí;22661;24775;2114
PB;Guarabira;55381;57484;2103
GO;Orizona;14300;16399;2099
PR;Balsa Nova;11300;13395;2095
SP;São Lourenço da Serra;13973;16067;2094
RR;São João da Baliza;6769;8858;2089
SC;Cocal do Sul;15159;17240;2081
MG;Taiobeiras;30970;33050;2080
PR;Santa Helena;23413;25492;2079
AP;Pedra Branca do Amapari;10772;12847;2075
MG;São Gonçalo do Rio Abaixo;9777;11850;2073
AL;Pilar;33305;35370;2065
SP;Taquarituba;22291;24350;2059
AM;Ipixuna;22254;24311;2057
SP;São Joaquim da Barra;46512;48558;2046
BA;Itatim;13691;15737;2046
MA;Bacabeira;14925;16966;2041
AC;Santa Rosa do Purus;4691;6723;2032
CE;Morrinhos;20723;22753;2030
CE;Bela Cruz;30745;32775;2030
AC;Assis Brasil;6072;8100;2028
GO;Santa Helena de Goiás;36467;38492;2025
PR;Loanda;21201;23225;2024
BA;Palmeiras;8316;10339;2023
PE;Ouricuri;63228;65245;2017
SP;Guariba;35486;37498;2012
CE;Porteiras;15048;17050;2002
PR;Marmeleiro;13900;15901;2001
SP;Tarumã;12885;14882;1997
BA;Curaçá;32191;34180;1989
ES;Irupi;11723;13710;1987
SP;Santa Gertrudes;21634;23611;1977
PA;Viseu;56716;58692;1976
SP;Itapeva;87753;89728;1975
SP;Castilho;18003;19977;1974
PE;Lagoa do Carro;16007;17981;1974
MT;Nova Bandeirantes;11662;13635;1973
BA;Remanso;38615;40586;1971
MT;Bom Jesus do Araguaia;5314;7280;1966
BA;Amargosa;34557;36521;1964
PR;Agudos do Sul;8270;10233;1963
GO;Porangatu;42355;44317;1962
RS;Não-Me-Toque;15936;17898;1962
RS;Sant'Ana do Livramento;82464;84421;1957
SP;Jaci;5657;7613;1956
PR;Capanema;18526;20481;1955
MA;Trizidela do Vale;20529;22484;1955
GO;Montividiu;10567;12521;1954
BA;Piatã;18133;20086;1953
PI;Valença do Piauí;20326;22279;1953
MA;Barra do Corda;82580;84532;1952
SP;Morungaba;11769;13720;1951
AM;Itapiranga;8211;10162;1951
BA;Mucuri;36026;37977;1951
MA;Viana;49496;51442;1946
MG;Turmalina;18055;20000;1945
MG;Pompéu;29105;31047;1942
MA;Mata Roma;15150;17090;1940
RS;Candiota;8771;10710;1939
SP;Iracemápolis;20029;21967;1938
RJ;Miguel Pereira;24646;26582;1936
SP;Batatais;56476;58402;1926
SC;Laurentino;6007;7932;1925
SP;Elias Fausto;15775;17699;1924
MG;Monte Carmelo;45772;47692;1920
CE;Baturité;33302;35218;1916
MA;Maracaçumé;19234;21149;1915
SP;Canitar;4369;6283;1914
PE;Ipubi;27097;29009;1912
MS;Ladário;19615;21522;1907
PR;Nova Aurora;11866;13765;1899
MG;Prudente de Morais;9573;11466;1893
SP;Ouroeste;8405;10294;1889
SP;Guaíra;37404;39279;1875
RS;Palmares do Sul;10969;12844;1875
PI;São João do Piauí;19548;21421;1873
PI;Corrente;25407;27278;1871
PA;Curuá;12254;14117;1863
AM;Nhamundá;18278;20136;1858
MS;Selvíria;6287;8142;1855
PE;São Caitano;35274;37126;1852
ES;Barra de São Francisco;40649;42498;1849
MG;Ubá;101519;103365;1846
MG;Juruaia;9238;11084;1846
RN;São Miguel;21693;23537;1844
PB;Catolé do Rocha;28818;30661;1843
SP;Taguaí;10828;12669;1841
GO;Campo Limpo de Goiás;6241;8081;1840
SC;Rodeio;10922;12757;1835
PE;Tacaratu;22068;23902;1834
PA;Terra Santa;16949;18782;1833
RJ;São José do Vale do Rio Preto;20251;22080;1829
SP;Rio das Pedras;29501;31328;1827
MA;Davinópolis;12579;14404;1825
MG;Diamantina;45880;47702;1822
PB;Bananeiras;21315;23134;1819
SC;Gravatal;10618;12435;1817
AC;Porto Acre;14880;16693;1813
PR;Itapejara d'Oeste;10531;12344;1813
SP;Angatuba;22210;24022;1812
MA;Santa Inês;83203;85014;1811
RS;Rolante;19448;21253;1805
SP;Nazaré Paulista;16414;18217;1803
BA;Barra;49291;51092;1801
MG;Rodeiro;6867;8664;1797
MG;Limeira do Oeste;6890;8687;1797
PR;Terra Boa;15776;17568;1792
SP;Buritama;15418;17210;1792
MG;Nova Ponte;12812;14598;1786
BA;Cruz das Almas;58562;60348;1786
MG;Capim Branco;8881;10663;1782
PA;Belterra;16318;18099;1781
PI;Simplício Mendes;12089;13870;1781
AM;Alvarães;14088;15866;1778
SP;Igaratá;8831;10605;1774
MT;Cáceres;87907;89681;1774
RS;Trindade do Sul;5787;7556;1769
SE;Itabaianinha;38910;40678;1768
SP;Jales;47012;48776;1764
RS;Nova Hartz;18324;20088;1764
MA;Riachão;20387;22145;1758
MT;Peixoto de Azevedo;30963;32714;1751
SC;Itaiópolis;20301;22051;1750
SC;Santa Rosa do Sul;8043;9792;1749
ES;Rio Bananal;17530;19274;1744
MG;Lagoa Formosa;17161;18904;1743
CE;Barreira;20653;22392;1739
GO;Ouvidor;5467;7200;1733
SP;Novo Horizonte;36593;38324;1731
SP;Taquarivaí;5151;6876;1725
BA;Barra do Choça;34817;36539;1722
SP;Junqueirópolis;18726;20448;1722
PR;Palmeira;32133;33855;1722
PR;Douradina;7445;9161;1716
MA;Nina Rodrigues;12464;14176;1712
SP;Vargem;8801;10512;1711
BA;Iraquara;22170;23879;1709
RS;Triunfo;25793;27498;1705
TO;Sítio Novo do Tocantins;9132;10830;1698
PR;Francisco Alves;6418;8116;1698
PB;Lagoa Seca;26033;27730;1697
GO;Flores de Goiás;12048;13744;1696
RN;Tibau;3687;5382;1695
BA;Serra Preta;16304;17996;1692
SP;Buri;18563;20250;1687
PR;Ribeirão Claro;10678;12364;1686
SP;Cristais Paulista;7588;9272;1684
SC;Seara;16936;18620;1684
MA;Belágua;6782;8460;1678
PR;Pérola;10208;11878;1670
PE;Petrolândia;32492;34161;1669
SC;Agrolândia;9323;10990;1667
SP;Valparaíso;22576;24241;1665
PA;Curionópolis;18288;19950;1662
PR;Santo Antônio da Platina;42707;44369;1662
GO;Barro Alto;8716;10371;1655
SP;Regente Feijó;18494;20145;1651
SP;Pacaembu;13226;14877;1651
SC;São João do Sul;7018;8668;1650
RS;Nonoai;12074;13719;1645
MT;Brasnorte;15361;17004;1643
GO;Rialma;10523;12165;1642
SP;Iaras;6376;8010;1634
MA;Fernando Falcão;9241;10873;1632
CE;Granja;51717;53344;1627
PE;Jupi;13705;15329;1624
MG;Iapu;10407;12030;1623
PI;Cocal;26591;28212;1621
SC;Três Barras;18129;19746;1617
SP;Paulicéia;6339;7955;1616
AP;Calçoene;9000;10612;1612
MG;Bocaiúva;46421;48032;1611
MS;Fátima do Sul;19009;20609;1600
PE;Pombos;25953;27552;1599
PA;Santa Maria do Pará;23026;24624;1598
MT;Diamantino;20343;21941;1598
MG;Campo Florido;6870;8466;1596
AC;Capixaba;8798;10392;1594
ES;Baixo Guandu;29081;30674;1593
MG;São João do Paraíso;22319;23910;1591
CE;Irauçuba;22324;23915;1591
RN;Lagoa Nova;13983;15573;1590
SP;Cravinhos;31691;33281;1590
MG;Almenara;38775;40364;1589
MA;Pedro do Rosário;22732;24320;1588
SP;Paranapanema;17808;19395;1587
SP;Tupi Paulista;14269;15854;1585
PR;Coronel Vivida;21749;23331;1582
SP;Águas de Santa Bárbara;5601;7177;1576
BA;Mucugê;10563;12137;1574
MG;Divino;19133;20706;1573
SP;Pardinho;5582;7153;1571
MG;Igaratinga;9264;10830;1566
RS;Sarandi;21285;22851;1566
RS;Estrela;30619;32183;1564
MG;Delfinópolis;6830;8393;1563
GO;Alto Horizonte;4510;6072;1562
AC;Porto Walter;9176;10735;1559
RJ;Pinheiral;22740;24298;1558
CE;Meruoca;13599;15157;1558
SP;Pedreira;41558;43112;1554
MG;Chapada Gaúcha;10805;12355;1550
AM;São Paulo de Olivença;31422;32967;1545
MG;Paraopeba;22563;24107;1544
PA;Ourém;16311;17855;1544
MT;Alto Araguaia;15649;17193;1544
SP;Nova Independência;3068;4609;1541
MS;Angélica;9191;10729;1538
SC;Nova Trento;12190;13727;1537
MT;Pontal do Araguaia;5395;6932;1537
AM;Urucará;17094;18631;1537
PR;Salto do Lontra;13689;15223;1534
TO;Augustinópolis;15950;17484;1534
BA;Filadélfia;16364;17897;1533
AM;Japurá;7326;8858;1532
MS;Deodápolis;12133;13663;1530
BA;Salinas da Margarida;13463;14987;1524
BA;Jaguarari;31184;32703;1519
SP;Mendonça;4640;6159;1519
RN;Santa Cruz;35797;37313;1516
SP;Patrocínio Paulista;13000;14512;1512
PI;Piracuruca;27339;28846;1507
ES;Guaçuí;27851;29358;1507
GO;Campinorte;11003;12510;1507
PR;Jesuítas;9001;10506;1505
SP;Cosmorama;7214;8719;1505
PR;Perobal;5691;7189;1498
SP;Capivari;48576;50068;1492
MA;Barão de Grajaú;17493;18984;1491
SP;Serra Azul;11256;12746;1490
BA;Correntina;30970;32457;1487
PA;Colares;11381;12868;1487
SP;Itapuí;12173;13659;1486
SP;Mauá;416778;418261;1483
SE;Umbaúba;22434;23917;1483
AC;Acrelândia;12538;14021;1483
MG;Guaxupé;49430;50911;1481
AM;Tapauá;18120;19599;1479
MG;Paraguaçu;20245;21723;1478
PE;Riacho das Almas;19162;20639;1477
SP;Monte Alegre do Sul;7152;8627;1475
MG;Itaguara;12372;13846;1474
SP;Cachoeira Paulista;30091;31564;1473
GO;Abadiânia;15759;17232;1473
PR;Paraíso do Norte;11772;13245;1473
BA;Santa Bárbara;19479;20952;1473
RS;Três Passos;23965;25436;1471
PR;Imbituva;28455;29924;1469
AL;Japaratinga;7754;9219;1465
MG;Muzambinho;20430;21891;1461
PB;Sousa;65799;67259;1460
MG;Simonésia;18298;19750;1452
BA;Teolândia;13881;15332;1451
MG;Toledo;5764;7214;1450
SP;Ibaté;30734;32178;1444
BA;Mansidão;12476;13919;1443
MG;São Sebastião da Bela Vista;4948;6387;1439
SP;Bálsamo;8160;9596;1436
GO;Buriti Alegre;9059;10495;1436
PB;São Bento;30801;32235;1434
MT;Mirassol d'Oeste;25352;26785;1433
PR;Laranjeiras do Sul;30801;32227;1426
SP;Narandiba;4288;5713;1425
PB;Monteiro;30852;32277;1425
MA;Igarapé do Meio;12550;13974;1424
MG;Piedade de Caratinga;7110;8529;1419
RJ;São Fidélis;37543;38961;1418
SC;Corupá;13852;15267;1415
MG;Confins;5936;7350;1414
MG;Florestal;6632;8045;1413
SC;Maracajá;6404;7815;1411
PR;Chopinzinho;19679;21085;1406
RS;Feliz;12359;13764;1405
MA;Bela Vista do Maranhão;10349;11750;1401
SE;Campo do Brito;16749;18149;1400
GO;Vicentinópolis;7373;8768;1395
MG;Três Pontas;53860;55255;1395
PR;Guaíra;30704;32097;1393
MG;Martinho Campos;12611;14003;1392
SP;Mococa;66290;67681;1391
PB;Marcação;7609;8999;1390
PB;Itapororoca;16997;18382;1385
TO;Praia Norte;7659;9044;1385
MG;Santa Margarida;15011;16395;1384
GO;Terezópolis de Goiás;6561;7944;1383
MT;Porto Alegre do Norte;10748;12127;1379
SP;Três Fronteiras;5427;6804;1377
RJ;Teresópolis;163746;165123;1377
MG;Pitangui;25311;26685;1374
MG;São Gonçalo do Pará;10398;11770;1372
PB;Capim;5601;6970;1369
PB;Puxinanã;12911;14277;1366
GO;Campo Alegre de Goiás;6060;7422;1362
PR;Terra Roxa;16759;18119;1360
MA;São Pedro dos Crentes;4425;5783;1358
PR;Iguaraçu;3982;5338;1356
RS;Bom Princípio;11789;13142;1353
AL;Santana do Ipanema;44867;46220;1353
AM;Amaturá;9467;10819;1352
MG;Ipanema;18170;19522;1352
MG;Coromandel;27547;28894;1347
GO;Mozarlândia;13404;14750;1346
RS;São Francisco de Paula;20551;21893;1342
SP;Sarapuí;9027;10369;1342
SP;Bebedouro;75035;76373;1338
GO;Nova Veneza;8145;9481;1336
GO;Ceres;20712;22046;1334
AP;Itaubal;4265;5599;1334
PI;Murici dos Portelas;8464;9797;1333
PE;Paranatama;10866;12199;1333
MG;Boa Esperança;38516;39848;1332
RN;Apodi;34763;36093;1330
CE;Miraíma;12866;14196;1330
SP;Dumont;8143;9471;1328
PE;Lagoa Grande;22760;24088;1328
RR;Iracema;8696;10023;1327
PA;São Miguel do Guamá;51567;52894;1327
SP;Fartura;15320;16641;1321
MG;Santo Antônio do Monte;25975;27295;1320
AL;São Miguel dos Milagres;7163;8482;1319
MG;Araújos;7883;9199;1316
MG;Águas Vermelhas;12722;14037;1315
PE;Águas Belas;40235;41548;1313
MG;São João das Missões;11715;13024;1309
PR;Quitandinha;17089;18398;1309
GO;Crixás;15760;17065;1305
PI;Paulistana;19753;21055;1302
GO;Acreúna;20268;21568;1300
MG;Perdões;20087;21384;1297
RS;São Sebastião do Caí;23134;24428;1294
MG;Buritis;22737;24030;1293
MG;Santana do Riacho;4023;5313;1290
MT;Santa Carmem;4085;5374;1289
BA;Piraí do Norte;9685;10974;1289
PR;São João;10599;11886;1287
MA;Cachoeira Grande;8446;9732;1286
SP;Pereiras;7454;8737;1283
MG;Tupaciguara;24188;25470;1282
MA;Caxias;155692;156973;1281
PB;Cruz do Espírito Santo;15815;17095;1280
MG;Reduto;6569;7848;1279
SC;Luiz Alves;10405;11684;1279
AC;Senador Guiomard;20179;21454;1275
RJ;Três Rios;77075;78346;1271
PR;Tapejara;14598;15869;1271
SC;Saudades;8994;10265;1271
SC;Itapiranga;15371;16638;1267
GO;Leopoldo de Bulhões;7479;8745;1266
ES;Iúna;27328;28590;1262
SC;Agronômica;4794;6055;1261
RJ;Piraí;26214;27474;1260
MS;Aquidauana;45543;46803;1260
RO;Pimenta Bueno;33822;35079;1257
GO;Mambaí;6867;8124;1257
SP;Alambari;4884;6141;1257
PR;Jacarezinho;39121;40375;1254
PB;Baía da Traição;7971;9224;1253
MG;Ilicínea;11488;12741;1253
MG;Serra do Salitre;10549;11801;1252
SP;Estiva Gerbi;10044;11295;1251
SP;Porto Ferreira;51400;52649;1249
MG;Espera Feliz;22856;24102;1246
PE;Tabira;26436;27681;1245
BA;Sento Sé;36909;38154;1245
MG;Divisópolis;8974;10213;1239
MG;Mata Verde;7874;9112;1238
MA;Jenipapo dos Vieiras;15839;17076;1237
AL;Palmeira dos Índios;70341;71574;1233
SP;Roseira;9599;10832;1233
SC;Aurora;5551;6780;1229
MG;Lajinha;19609;20835;1226
SE;Areia Branca;16857;18081;1224
SP;Vista Alegre do Alto;6886;8109;1223
MG;Martins Soares;7173;8396;1223
MG;Visconde do Rio Branco;37942;39160;1218
MG;Caetanópolis;10218;11435;1217
PB;Rio Tinto;23366;24581;1215
MG;Guimarânia;7265;8478;1213
CE;Nova Olinda;14186;15399;1213
SP;Pilar do Sul;26406;27619;1213
SP;Altinópolis;15607;16818;1211
RS;Veranópolis;22810;24021;1211
SP;Tanabi;24055;25265;1210
SP;Estrela d'Oeste;8208;9417;1209
PR;Joaquim Távora;10736;11945;1209
MT;Ribeirão Cascalheira;8881;10089;1208
AM;Pauini;18166;19373;1207
SP;São Bento do Sapucaí;10468;11674;1206
PA;Soure;23001;24204;1203
AL;Feira Grande;21513;22712;1199
MA;São Raimundo das Mangabeiras;17474;18672;1198
SC;Águas Mornas;5548;6743;1195
MG;Munhoz;6257;7451;1194
RS;Santa Clara do Sul;5697;6887;1190
RS;Três de Maio;23726;24916;1190
SC;Turvo;11855;13043;1188
GO;Pontalina;17121;18309;1188
MA;Colinas;39132;40316;1184
GO;Caldazinha;3331;4507;1176
MG;Rio Acima;9087;10261;1174
SC;José Boiteux;4812;5985;1173
SP;Itaí;24008;25180;1172
MT;Nova Nazaré;3029;4200;1171
MT;Nova Lacerda;5500;6670;1170
RN;Serra Caiada;8960;10125;1165
PB;Sapé;50143;51306;1163
BA;Jussara;15194;16354;1160
PR;Corbélia;16312;17470;1158
PB;Alagoa Nova;19856;21013;1157
MG;Orizânia;7284;8437;1153
PE;Pedra;21644;22795;1151
RS;Sapucaia do Sul;130957;132107;1150
CE;Piquet Carneiro;15469;16616;1147
CE;Salitre;15487;16633;1146
RN;Parelhas;20354;21499;1145
PB;Massaranduba;12994;14139;1145
MG;Ijaci;5859;7003;1144
RS;Bagé;116794;117938;1144
PE;Santa Maria da Boa Vista;39435;40578;1143
PA;Tracuateua;27455;28595;1140
PR;Jandaia do Sul;20269;21408;1139
BA;Madre de Deus;17376;18504;1128
SC;São Joaquim;24812;25939;1127
PI;Água Branca;16451;17573;1122
PB;Pilar;11191;12311;1120
RS;Harmonia;4259;5378;1119
PA;Pacajá;39979;41097;1118
MG;Serro;20835;21952;1117
MG;Elói Mendes;25220;26336;1116
SP;Colina;17371;18486;1115
PR;São Mateus do Sul;41257;42366;1109
BA;Sítio do Mato;12300;13408;1108
SP;Biritiba Mirim;28575;29683;1108
CE;Milhã;13015;14123;1108
PB;Santa Cecília;6563;7670;1107
BA;Jaguaripe;16552;17659;1107
RS;Tupandi;3924;5029;1105
MG;Piranguinho;8016;9120;1104
SP;Saltinho;7059;8161;1102
BA;Souto Soares;15952;17054;1102
CE;Marco;24698;25799;1101
SP;Taiúva;5447;6548;1101
PE;Agrestina;22679;23779;1100
MS;Antônio João;8208;9303;1095
PR;Ouro Verde do Oeste;5692;6785;1093
MG;Belo Vale;7536;8627;1091
MG;Astolfo Dutra;13049;14138;1089
PE;Afrânio;17586;18674;1088
PE;Araçoiaba;18156;19243;1087
SC;Armazém;7753;8834;1081
PR;Saudade do Iguaçu;5028;6108;1080
PE;Cachoeirinha;18819;19899;1080
SP;Pedro de Toledo;10204;11281;1077
SC;São Pedro de Alcântara;4704;5776;1072
MG;Lima Duarte;16149;17221;1072
SC;São Cristóvão do Sul;5012;6084;1072
PR;Manoel Ribas;13169;14240;1071
PE;Limoeiro;55439;56510;1071
SC;Alfredo Wagner;9410;10481;1071
PB;Sumé;16096;17166;1070
ES;Brejetuba;11915;12985;1070
SC;Papanduva;18080;19150;1070
MA;Centro do Guilherme;11273;12342;1069
MA;Cândido Mendes;18864;19932;1068
MA;Tasso Fragoso;7796;8862;1066
MG;Paraisópolis;19379;20445;1066
PR;Araruna;13419;14485;1066
RN;João Câmara;32227;33290;1063
MG;Itanhandu;14175;15236;1061
SP;Bastos;20445;21503;1058
BA;Senhor do Bonfim;73466;74523;1057
MT;Campinápolis;14291;15347;1056
PR;Quatiguá;7045;8099;1054
RS;Seberi;10897;11950;1053
MG;Salinas;39125;40178;1053
ES;Montanha;17849;18900;1051
SC;Taió;17260;18310;1050
GO;Piracanjuba;23834;24883;1049
SP;Jambeiro;5349;6397;1048
SP;Joanópolis;11768;12815;1047
TO;São Bento do Tocantins;4608;5654;1046
MG;Coronel Fabriciano;103694;104736;1042
BA;Cocos;18111;19151;1040
AP;Porto Grande;16809;17848;1039
AM;Novo Airão;14723;15761;1038
TO;Tabocão;2419;3455;1036
MG;Varjão de Minas;5934;6969;1035
CE;Mulungu;9534;10569;1035
SP;Quintana;6004;7038;1034
SP;Urupês;12714;13744;1030
ES;Marilândia;11358;12387;1029
SC;São João do Itaperiú;3435;4463;1028
RS;Sananduva;15373;16399;1026
RO;Chupinguaia;8301;9324;1023
SP;Florínea;2829;3851;1022
RS;Lindolfo Collor;5227;6248;1021
BA;Sapeaçu;16943;17963;1020
SP;Itatinga;18052;19070;1018
MG;São José da Barra;6778;7793;1015
PE;Tacaimbó;12725;13738;1013
MG;Nova Resende;15374;16387;1013
SE;Cristinápolis;16087;17100;1013
SC;Catanduvas;9555;10566;1011
SP;Laranjal Paulista;25251;26261;1010
SC;Cordilheira Alta;3771;4781;1010
MA;São Domingos do Azeitão;6983;7992;1009
SC;Praia Grande;7262;8270;1008
BA;Queimadas;24986;25988;1002
RS;Mato Leitão;3858;4859;1001
MG;São João do Manhuaçu;10245;11246;1001
RS;Arroio dos Ratos;13606;14601;995
SP;Potim;19397;20392;995
PE;Santa Maria do Cambucá;13021;14013;992
ES;Fundão;17025;18014;989
TO;Axixá do Tocantins;9275;10262;987
MG;Senador Amaral;5219;6206;987
SP;Sales;5451;6437;986
BA;Santa Rita de Cássia;26404;27390;986
MT;Paranaíta;10686;11671;985
MA;Arari;28488;29472;984
SC;Piratuba;4786;5769;983
GO;Corumbaíba;8181;9164;983
MG;Guanhães;31262;32244;982
RS;São Marcos;20103;21084;981
CE;Ubajara;31787;32767;980
SP;Luís Antônio;11286;12265;979
MG;Tiros;6906;7883;977
MG;Ubaporanga;12040;13017;977
PB;Piancó;15465;16441;976
SC;Otacílio Costa;16337;17312;975
MG;Mutum;26661;27635;974
MG;Mar de Espanha;11749;12721;972
SP;Rubinéia;2862;3833;971
AM;São Sebastião do Uatumã;10705;11670;965
MS;Bandeirantes;6977;7940;963
MS;Paraíso das Águas;4548;5510;962
GO;Cachoeira Alta;10552;11513;961
SP;Piraju;28475;29436;961
ES;Santa Teresa;21851;22808;957
MG;Carmópolis de Minas;17048;18003;955
RS;Nova Araçá;4001;4954;953
BA;Nova Viçosa;38556;39509;953
BA;Ibirapuã;7948;8896;948
PI;Lagoa do Piauí;3863;4810;947
CE;Canindé;73228;74174;946
PR;Santa Fé;10432;11378;946
SP;Cosmópolis;58827;59773;946
PA;Santa Luzia do Pará;19424;20370;946
RN;São Paulo do Potengi;15843;16786;943
MT;Chapada dos Guimarães;18047;18990;943
RS;Santo Cristo;14378;15320;942
SC;Correia Pinto;14785;15727;942
AL;Porto Real do Colégio;19141;20082;941
PR;Santo Inácio;5241;6181;940
RS;Vale Real;5118;6058;940
SC;Zortéa;2991;3930;939
PR;Santa Izabel do Oeste;13132;14070;938
RN;Pureza;8424;9362;938
MG;Raposos;15342;16279;937
SP;Ourinhos;103035;103970;935
SC;Iporã do Oeste;8400;9335;935
RN;São Miguel do Gostoso;9287;10221;934
MG;Divinésia;3293;4226;933
SP;Monte Alto;46642;47574;932
SC;Ipuaçu;6798;7730;932
BA;Irará;27112;28043;931
PR;Pitanga;32638;33567;929
SP;Neves Paulista;8772;9699;927
BA;Riachão do Jacuípe;32463;33386;923
SP;Uchoa;9471;10394;923
BA;Caculé;21541;22462;921
SE;Monte Alegre de Sergipe;13415;14336;921
BA;Carinhanha;27948;28869;921
SP;Presidente Bernardes;13570;14490;920
RS;Palmitinho;6920;7839;919
CE;Tururu;14495;15412;917
SC;Ascurra;7403;8319;916
ES;Santa Leopoldina;12191;13106;915
SE;Salgado;19365;20279;914
PE;Jucati;10604;11517;913
SP;Piracaia;25116;26029;913
MG;Matipó;17639;18552;913
MG;Cristais;11286;12197;911
RS;Rodeio Bonito;5743;6654;911
PR;Pato Bragado;4822;5733;911
SP;Lavínia;8779;9689;910
RS;Igrejinha;31899;32808;909
CE;Itatira;19516;20424;908
BA;Tanhaçu;20105;21006;901
MG;Teixeiras;11355;12255;900
PA;Pau D'Arco;6033;6931;898
BA;Tanque Novo;16261;17158;897
MA;Lagoa Grande do Maranhão;10517;11411;894
SC;Botuverá;4470;5363;893
SP;Adamantina;33797;34687;890
RJ;Quatis;12793;13682;889
GO;Nova Crixás;11927;12815;888
SP;Onda Verde;3884;4771;887
PR;Mercedes;5046;5931;885
SE;Capela;30761;31645;884
SC;Pescaria Brava;9307;10190;883
RS;São José dos Ausentes;3290;4172;882
MG;Pirajuba;4656;5537;881
SC;Nova Erechim;4275;5155;880
SP;Manduri;8992;9871;879
AM;Anori;16317;17194;877
GO;Rubiataba;18915;19788;873
PR;Maripá;5684;6555;871
BA;São Félix do Coribe;14326;15194;868
SP;Vargem Grande do Sul;39266;40133;867
AL;Porto de Pedras;8429;9295;866
MT;Novo São Joaquim;6054;6919;865
AP;Ferreira Gomes;5802;6666;864
PR;Ivaiporã;31856;32720;864
PB;Sobrado;7373;8236;863
CE;Uruoca;12883;13746;863
MG;Lambari;19554;20414;860
SP;Parisi;2032;2892;860
PE;Feira Nova;20571;21427;856
MG;Alfredo Vasconcelos;6075;6931;856
PB;Logradouro;3942;4797;855
PE;Floresta;29285;30137;852
PI;São João do Arraial;7336;8186;850
MG;Cachoeira de Minas;11034;11883;849
SP;Tuiuti;5930;6778;848
AM;Envira;16338;17186;848
SP;Sales Oliveira;10568;11411;843
PB;Itaporanga;23098;23940;842
SP;Bofete;9618;10460;842
CE;Jardim;26574;27411;837
PB;Mataraca;7407;8244;837
SP;Bernardino de Campos;10775;11607;832
MS;Juti;5897;6729;832
MG;Funilândia;3855;4686;831
PB;Caaporã;20362;21193;831
PB;Lucena;11730;12560;830
SP;Tietê;36835;37663;828
PR;Mauá da Serra;8555;9383;828
SP;Piedade;52143;52970;827
MG;Piranguçu;5217;6041;824
RS;Bom Retiro do Sul;11472;12294;822
PB;Montadas;4990;5812;822
RJ;Aperibé;10213;11034;821
CE;Guaiúba;23504;24325;821
SP;Dobrada;7939;8759;820
PE;Venturosa;16433;17251;818
SP;Ipeúna;6016;6831;815
RS;Casca;8651;9465;814
MG;Bambuí;22734;23546;812
MG;Morada Nova de Minas;8255;9067;812
PR;Ortigueira;23380;24192;812
BA;Santa Terezinha;9629;10441;812
MG;Brasília de Minas;31213;32025;812
PE;Tracunhaém;13055;13867;812
RS;Nova Bassano;8840;9649;809
MS;Itaquiraí;18614;19423;809
MA;João Lisboa;23900;24709;809
GO;Ipameri;24740;25548;808
GO;Aruanã;7496;8300;804
SP;Nova Aliança;5891;6693;802
MG;Jeceaba;5395;6197;802
PA;Sapucaia;5047;5847;800
MT;Santa Rita do Trivelato;2477;3276;799
MS;Jaraguari;6341;7139;798
RJ;Japeri;95492;96289;797
RS;Campo Bom;62091;62886;795
SP;Ibirá;10896;11690;794
PI;Cajueiro da Praia;7163;7957;794
SP;Adolfo;3557;4351;794
RJ;Paraíba do Sul;41269;42063;794
MG;Brasilândia de Minas;14226;15020;794
CE;Ipu;40292;41081;789
RS;Pareci Novo;3530;4319;789
SP;Teodoro Sampaio;21386;22173;787
SP;Pariquera-Açu;18446;19233;787
PA;Santo Antônio do Tauá;26674;27461;787
PR;Rio Bonito do Iguaçu;13143;13929;786
RN;Encanto;5231;6016;785
MG;Tiradentes;6961;7744;783
RS;Parobé;51275;52058;783
MG;Itamonte;14003;14786;783
BA;Cipó;16449;17230;781
RS;Tenente Portela;13719;14497;778
ES;Bom Jesus do Norte;9476;10254;778
PR;Astorga;24698;25475;777
SP;Pedra Bela;5780;6557;777
MG;Santa Bárbara do Leste;7682;8458;776
SC;Quilombo;10248;11022;774
BA;Barrocas;14429;15203;774
MG;Itamarandiba;32175;32948;773
MG;Ninheira;9815;10588;773
GO;Carmo do Rio Verde;8938;9710;772
BA;Anguera;10259;11031;772
MG;Cruzília;14591;15362;771
GO;Montes Claros de Goiás;7985;8756;771
MA;Morros;17783;18554;771
MT;Nova Santa Helena;3468;4239;771
RS;Glorinha;6891;7658;767
RJ;Nova Iguaçu;785102;785867;765
PR;Iporã;14981;15746;765
MG;São João Batista do Glória;6887;7652;765
MT;General Carneiro;5272;6037;765
CE;Groaíras;10147;10910;763
SP;Arandu;6123;6885;762
MG;Planura;10384;11145;761
MT;Santa Cruz do Xingu;1900;2661;761
MA;Brejo;33359;34120;761
MS;Paranaíba;40197;40957;760
MT;Itiquira;11478;12236;758
RN;Lagoa Salgada;7564;8319;755
SC;Campo Alegre;11748;12501;753
PA;São Domingos do Capim;29846;30599;753
SP;Santo Antônio do Aracanguá;7626;8379;753
MS;Rio Verde de Mato Grosso;19066;19818;752
MG;Piraúba;10862;11610;748
RS;Três Cachoeiras;10217;10962;745
MA;Anajatuba;24579;25322;743
GO;Brazabrantes;3251;3992;741
RN;Rafael Fernandes;4692;5432;740
MA;Amapá do Maranhão;6431;7170;739
RJ;Santo Antônio de Pádua;40589;41325;736
PR;Guapirama;3891;4626;735
MA;Pastos Bons;18067;18802;735
MG;Campo Belo;51544;52277;733
BA;Varzedo;9183;9913;730
MT;Cocalinho;5490;6220;730
BA;Glória;14795;15524;729
MG;Jequitibá;5156;5883;727
MS;Inocência;7677;8404;727
RS;Barão;5735;6461;726
SE;Nossa Senhora Aparecida;8508;9232;724
MT;São José do Xingu;5240;5964;724
TO;Tocantínia;6736;7459;723
GO;Porteirão;3347;4070;723
MG;Luisburgo;6234;6956;722
PR;Planalto;13654;14374;720
SE;Indiaroba;15831;16549;718
SP;Meridiano;3855;4572;717
SC;Siderópolis;12998;13714;716
PI;Marcolândia;7819;8533;714
RN;Tenente Laurentino Cruz;5177;5891;714
MG;Pirapetinga;10364;11077;713
MG;Iraí de Minas;6467;7180;713
BA;Cristópolis;13280;13993;713
MG;Recreio;10299;11007;708
MG;Dores de Campos;9299;10007;708
CE;Várzea Alegre;38276;38984;708
GO;São Miguel do Passa Quatro;3757;4464;707
SC;Trombudo Central;6567;7274;707
BA;Ipupiara;9229;9935;706
SP;Ubirajara;4427;5132;705
SP;Jeriquara;3160;3863;703
SP;Descalvado;31056;31756;700
MA;Milagres do Maranhão;8118;8818;700
RJ;Rio Bonito;55576;56276;700
RS;Capela de Santana;10462;11159;697
PR;Nova Santa Rosa;7626;8322;696
SC;Urussanga;20223;20919;696
PB;Caturité;4563;5254;691
PB;Triunfo;9201;9892;691
BA;Governador Mangabeira;19916;20605;689
PA;Rio Maria;17697;18384;687
MG;Matias Barbosa;13435;14121;686
GO;Marzagão;2072;2758;686
RO;Espigão D'Oeste;28729;29414;685
PR;Prudentópolis;48709;49393;684
PB;Mogeiro;13219;13899;680
MS;Dois Irmãos do Buriti;10423;11100;677
PR;Quatro Pontes;3803;4480;677
MG;Crucilândia;4757;5434;677
MA;Capinzal do Norte;10698;11374;676
PB;Boqueirão;16922;17598;676
SC;Rio do Oeste;7072;7747;675
CE;Carnaubal;16537;17210;673
CE;Penaforte;8299;8972;673
PI;Nossa Senhora de Nazaré;4556;5228;672
BA;Serrolândia;12664;13335;671
SP;Santa Albertina;5723;6393;670
GO;Vila Propício;5145;5815;670
SE;Estância;64409;65078;669
PA;Almeirim;33614;34280;666
SC;Irani;9531;10195;664
BA;Ibotirama;25645;26309;664
SP;Águas de Lindóia;17266;17930;664
SP;São Roque;78821;79484;663
SP;Martinópolis;24219;24881;662
TO;Divinópolis do Tocantins;6363;7024;661
SC;Witmarsum;3596;4255;659
SP;Marapoama;2633;3292;659
PB;Sertãozinho;4395;5054;659
MG;Estiva;10845;11502;657
MG;Prados;8391;9048;657
CE;Santana do Acaraú;29972;30628;656
SE;Frei Paulo;13874;14530;656
PI;Luzilândia;24721;25375;654
SP;Pirapozinho;24694;25348;654
PR;Porto Rico;2530;3182;652
MG;Desterro de Entre Rios;7002;7653;651
MA;Luís Domingues;6510;7161;651
BA;Itagi;13152;13803;651
SE;Feira Nova;5324;5975;651
PR;Entre Rios do Oeste;3926;4575;649
SP;Santo Antônio do Pinhal;6486;7133;647
MG;Pedra Bonita;6673;7320;647
SE;Santa Luzia do Itanhy;12969;13616;647
PE;São José da Coroa Grande;18180;18825;645
TO;Aparecida do Rio Negro;4213;4856;643
BA;Caldeirão Grande;12438;13080;642
RS;Santo Ângelo;76275;76917;642
MS;Rochedo;4557;5199;642
SC;Itá;6426;7067;641
PR;Califórnia;8069;8710;641
MG;Lassance;6484;7124;640
SP;Colômbia;5994;6629;635
RS;Constantina;9752;10385;633
CE;Martinópole;10214;10846;632
MG;São Tiago;10561;11192;631
MA;Santa Luzia do Paruá;23676;24307;631
PE;Ibimirim;25965;26593;628
BA;Canápolis;9597;10225;628
MG;Catas Altas;4846;5473;627
PB;Serra Branca;12987;13614;627
RN;Brejinho;11577;12202;625
SP;Itirapina;15524;16148;624
SP;Redenção da Serra;3873;4494;621
RS;Barão de Cotegipe;6526;7144;618
TO;Santa Fé do Araguaia;6599;7216;617
CE;Catunda;9828;10444;616
PI;Campo Maior;45177;45793;616
PI;Campo Largo do Piauí;6803;7419;616
MG;Bonfim;6818;7434;616
MG;Abre Campo;13311;13927;616
MG;Congonhal;10468;11083;615
MG;Coroaci;10270;10884;614
MG;Alvorada de Minas;3546;4159;613
RS;Três Coroas;23812;24425;613
SP;Rifaina;3436;4049;613
MS;Figueirão;2928;3539;611
MG;Mirabela;13042;13651;609
PI;Boa Hora;6296;6902;606
MG;Bandeira do Sul;5338;5943;605
BA;Barra do Mendes;13233;13836;603
PA;Bannach;3431;4031;600
MG;Maripá de Minas;2788;3387;599
SC;Tigrinhos;1730;2329;599
MT;Araguaiana;3197;3795;598
AL;Ouro Branco;10848;11446;598
SC;Ipumirim;7220;7816;596
PR;Japurá;8549;9144;595
SC;Erval Velho;4290;4885;595
CE;Ararendá;10501;11096;595
AL;São José da Tapera;30009;30604;595
RS;Fazenda Vilanova;3697;4291;594
RS;Presidente Lucena;2484;3077;593
MS;Tacuru;10215;10808;593
PR;Missal;10474;11064;590
BA;Bonito;15254;15844;590
TO;Araguatins;31329;31918;589
SP;São Miguel Arcanjo;31450;32039;589
ES;São Domingos do Norte;8001;8589;588
MG;Bom Jesus da Penha;3887;4474;587
GO;Turvelândia;4399;4985;586
RN;Upanema;12992;13577;585
AL;Carneiros;8415;8999;584
TO;Lajeado;2773;3357;584
MG;Caldas;13633;14217;584
BA;Canudos;15522;16105;583
PA;Primavera;10268;10851;583
SP;Lavrinhas;6590;7171;581
SC;Petrolândia;6136;6716;580
MG;Marliéria;4012;4592;580
PI;Buriti dos Lopes;19074;19654;580
MT;Nova Marilândia;2949;3529;580
SC;Rio dos Cedros;10286;10865;579
MA;Mirador;20452;21030;578
MG;Três Marias;28318;28895;577
SC;Braço do Trombudo;3451;4026;575
SP;Nuporanga;6817;7391;574
PB;Riachão do Poço;4164;4738;574
GO;Cristianópolis;2932;3504;572
MG;Pedra Azul;23839;24410;571
MS;Paranhos;12350;12921;571
SP;Macatuba;16259;16829;570
PE;Chã de Alegria;12414;12984;570
MA;Serrano do Maranhão;9632;10202;570
SP;Guaiçara;10670;11239;569
MA;Tutóia;52788;53356;568
MG;Japaraíba;3939;4506;567
ES;Divino de São Lourenço;4516;5083;567
GO;Rio Quente;3298;3864;566
MG;Pedra Dourada;2191;2757;566
RR;São Luiz;6750;7315;565
MA;São Benedito do Rio Preto;17799;18364;565
BA;Iuiu;10553;11118;565
ES;Ibitirama;8957;9520;563
RN;Carnaúba dos Dantas;7429;7992;563
MT;Colíder;30807;31370;563
RS;Itaara;5010;5572;562
MG;Imbé de Minas;6424;6986;562
MA;Água Doce do Maranhão;11581;12142;561
BA;Belo Campo;17851;18412;561
PR;Tibagi;19403;19961;558
PB;Assunção;3594;4152;558
TO;Darcinópolis;5273;5827;554
SP;Alfredo Marcondes;3891;4445;554
PE;Cupira;22964;23518;554
PB;Baraúna;4210;4762;552
PA;Faro;8177;8728;551
MG;Monte Alegre de Minas;19619;20170;551
MG;Conceição da Aparecida;9820;10371;551
MA;Formosa da Serra Negra;17169;17719;550
SP;Santa Ernestina;5568;6118;550
AC;Rodrigues Alves;14389;14938;549
GO;Cezarina;7542;8090;548
PR;Colorado;22349;22896;547
GO;Serranópolis;7481;8027;546
SP;Canas;4385;4931;546
SP;Taciba;5714;6260;546
ES;Ibiraçu;11178;11723;545
RS;Tio Hugo;2724;3267;543
MG;Córrego do Bom Jesus;3730;4272;542
RS;Terra de Areia;9793;10334;541
TO;Buriti do Tocantins;9768;10307;539
PE;Fernando de Noronha;2630;3167;537
MA;Matões;31638;32174;536
SC;Rancho Queimado;2744;3279;535
SP;Monte Aprazível;21746;22280;534
RN;Grossos;9393;9924;531
SC;Faxinal dos Guedes;10661;11192;531
MG;Belo Oriente;23397;23928;531
SC;Laguna;42255;42785;530
MG;Carmo do Rio Claro;20426;20954;528
SP;Pratânia;4599;5126;527
PI;Batalha;25774;26300;526
MG;Ouro Fino;31568;32094;526
MG;Dores do Turvo;4462;4987;525
TO;Mateiros;2223;2748;525
PR;Jaboti;4902;5427;525
PB;Algodão de Jandaíra;2429;2953;524
GO;Aporé;3803;4325;522
PI;Cristino Castro;9981;10503;522
PR;Santa Cruz de Monte Castelo;8092;8613;521
PI;Bonfim do Piauí;5393;5913;520
MG;Moema;7028;7548;520
MG;Careaçu;6298;6816;518
RJ;Carapebus;13330;13847;517
MS;Glória de Dourados;9927;10444;517
PB;Marizópolis;6188;6705;517
BA;Baianópolis;13100;13614;514
TO;Campos Lindos;8139;8653;514
CE;Solonópole;17665;18179;514
SP;Santa Clara d'Oeste;2084;2598;514
MG;Lagoa Dourada;12256;12769;513
RN;Bom Jesus;9440;9952;512
CE;Varjota;17593;18105;512
PA;São João do Araguaia;13155;13664;509
MG;São João Nepomuceno;25057;25565;508
MG;Gonçalves;4220;4727;507
GO;Colinas do Sul;3523;4030;507
SC;Dona Emma;3715;4221;506
PB;Areial;6624;7128;504
MG;Entre Rios de Minas;14242;14746;504
MG;Conceição dos Ouros;10377;10880;503
MT;Alto Boa Vista;5212;5715;503
SC;Treze de Maio;6859;7362;503
RS;Horizontina;18348;18851;503
PI;Curimatá;10768;11270;502
MG;Campanha;15433;15935;502
PI;Cocal dos Alves;5885;6386;501
MG;Bonito de Minas;9703;10204;501
SP;Mirandópolis;27483;27983;500
SP;Itobi;7546;8046;500
BA;Dom Macedo Costa;3907;4407;500
MG;Fronteira;14041;14540;499
PR;Doutor Camargo;5828;6327;499
BA;Quixabeira;8962;9461;499
PR;Nova Esperança do Sudoeste;5098;5597;499
MG;Itumirim;6139;6638;499
PR;Brasilândia do Sul;3209;3708;499
MG;Alto Caparaó;5297;5795;498
GO;Caturaí;4686;5184;498
MS;Aral Moreira;10251;10748;497
MA;Boa Vista do Gurupi;7078;7574;496
MS;Bodoquena;8072;8567;495
MT;Santo Antônio do Leverger;14751;15246;495
PB;Maturéia;5939;6433;494
MG;Curral de Dentro;6913;7406;493
BA;Retirolândia;13159;13651;492
CE;Alcântaras;10877;11369;492
GO;Taquaral de Goiás;3534;4026;492
GO;Caçu;13283;13774;491
PI;Gilbués;10402;10892;490
MT;Nobres;15002;15492;490
RJ;Comendador Levy Gasparian;8254;8741;487
BA;Presidente Dutra;14643;15130;487
MG;Rosário da Limeira;4247;4734;487
CE;Uruburetama;19703;20189;486
MG;Senador Firmino;7230;7716;486
SP;Ilha Solteira;25064;25549;485
BA;Abaré;17155;17639;484
GO;Urutaí;3070;3553;483
RN;Florânia;9713;10196;483
MS;Terenos;17169;17652;483
SC;São José do Cedro;13684;14167;483
MG;Rio Piracicaba;14149;14631;482
MG;Barroso;19599;20080;481
GO;Edéia;11266;11747;481
GO;Aparecida do Rio Doce;2427;2907;480
CE;Palhano;8866;9346;480
MA;Conceição do Lago-Açu;14436;14915;479
RS;Quaraí;23021;23500;479
MG;Inhaúma;5760;6239;479
GO;Damianópolis;3292;3770;478
PB;Teixeira;14153;14631;478
SE;Muribeca;7344;7822;478
SC;Herval d'Oeste;21246;21724;478
SP;Nipoã;4274;4750;476
MG;São Brás do Suaçuí;3513;3989;476
CE;Quixeré;20401;20874;473
PB;Jacaraú;14004;14477;473
CE;Ocara;24020;24493;473
BA;Lençóis;10302;10774;472
SP;Santo Antônio da Alegria;6304;6775;471
RN;Jardim de Piranhas;13506;13977;471
ES;São José do Calçado;10408;10878;470
PI;Brasileira;7966;8436;470
MA;Governador Newton Bello;10245;10713;468
MA;São Bernardo;26476;26943;467
PA;Mocajuba;26731;27198;467
GO;Jussara;19153;19620;467
PI;Lagoa do Barro do Piauí;4530;4995;465
PR;São Jorge do Patrocínio;6041;6504;463
RJ;Guapimirim;51233;51696;463
SP;Alumínio;16839;17301;462
PI;Boqueirão do Piauí;6083;6545;462
RJ;Magé;227667;228127;460
TO;Ananás;9865;10325;460
GO;Itaguari;4503;4963;460
SP;Cajuru;23371;23830;459
PB;Uiraúna;14472;14930;458
PE;Carnaubeira da Penha;11782;12239;457
PI;Caxingó;5039;5496;457
SP;Queiroz;2808;3265;457
SP;Mombuca;3266;3722;456
MG;Medeiros;3444;3900;456
MG;São Sebastião do Anta;5739;6194;455
TO;Formoso do Araguaia;18427;18881;454
SP;Tupã;63476;63928;452
SP;Charqueada;15085;15535;450
MT;Planalto da Serra;2716;3166;450
PB;Brejo do Cruz;13163;13613;450
PE;Itaquitinga;16105;16554;449
RS;Getúlio Vargas;16154;16602;448
SP;Guareí;14565;15013;448
PB;Pocinhos;17022;17469;447
SP;Boracéia;4268;4715;447
SP;Guararapes;30597;31043;446
RS;Pinhal;2513;2959;446
GO;Piranhas;11266;11712;446
MT;Itaúba;4575;5020;445
MG;São Roque de Minas;6686;7129;443
CE;Tabuleiro do Norte;30209;30652;443
RN;Campo Grande;9289;9730;441
RS;Vila Flores;3207;3646;439
PR;Serranópolis do Iguaçu;4568;5007;439
PB;Esperança;30792;31231;439
MG;Divisa Alegre;5884;6321;437
SE;Macambira;6401;6838;437
MG;Guaranésia;18714;19150;436
MG;Moeda;4689;5125;436
MT;Serra Nova Dourada;1365;1800;435
TO;Pium;6694;7128;434
PE;Orocó;13180;13613;433
MG;Inimutaba;6939;7371;432
MG;Poço Fundo;15959;16390;431
PA;Peixe-Boi;7854;8285;431
MG;Chalé;5645;6075;430
MG;Taquaraçu de Minas;3794;4224;430
CE;Mauriti;45132;45561;429
PE;Primavera;13409;13838;429
SP;Herculândia;8696;9125;429
RS;Maquiné;6989;7418;429
MG;Ipaba;16708;17136;428
PI;Campo Grande do Piauí;5592;6020;428
TO;Alvorada;8374;8802;428
MA;São Domingos do Maranhão;33607;34034;427
RN;Lagoa d'Anta;6227;6654;427
SP;Caiuá;5039;5466;427
PB;Riachão do Bacamarte;4264;4690;426
SP;Itapirapuã Paulista;3880;4306;426
SP;Palestina;11051;11476;425
BA;Conceição da Feira;20375;20800;425
SP;Iacanga;10013;10437;424
MA;Presidente Dutra;44731;45155;424
MG;Oratórios;4493;4917;424
MG;Itamogi;10349;10770;421
SP;Borebi;2293;2713;420
RS;Arambaré;3693;4112;419
GO;Avelinópolis;2450;2868;418
MS;Japorã;7731;8148;417
AL;Taquarana;18615;19032;417
SE;Nossa Senhora das Dores;24580;24996;416
RS;Cerro Largo;13289;13705;416
MG;Tarumirim;14293;14709;416
CE;Croatá;17066;17481;415
SP;Barão de Antonina;3116;3531;415
PR;Ivaí;12815;13229;414
PE;Brejinho;7307;7720;413
RN;Senador Elói de Souza;5553;5965;412
BA;Wanderley;12558;12968;410
MG;Simão Pereira;2537;2947;410
CE;Chorozinho;19753;20163;410
CE;Senador Sá;6852;7262;410
PE;Chã Grande;20137;20546;409
MG;Japonvar;7718;8127;409
PB;Cacimbas;6814;7223;409
RJ;Varre-Sai;9798;10207;409
SP;Fernando Prestes;5534;5942;408
SC;Jupiá;2148;2555;407
MS;Vicentina;5929;6336;407
MA;Fortaleza dos Nogueiras;12234;12640;406
TO;Ponte Alta do Tocantins;7180;7586;406
MG;Santana do Manhuaçu;8582;8987;405
PR;Cidade Gaúcha;11062;11467;405
ES;Atílio Vivácqua;10135;10540;405
RJ;Areal;11423;11828;405
BA;Nova Fátima;7563;7967;404
GO;Santa Bárbara de Goiás;5746;6149;403
RJ;Rio das Flores;8552;8954;402
SC;Rio Fortuna;4446;4847;401
SC;Águas Frias;2439;2839;400
SP;Bocaina;10859;11259;400
TO;Sandolândia;3326;3723;397
MA;Olinda Nova do Maranhão;13181;13577;396
CE;Monsenhor Tabosa;16753;17149;396
PR;Marilena;6858;7253;395
MT;Ribeirãozinho;2199;2593;394
MG;Durandé;7423;7817;394
MG;Goianá;3659;4053;394
SP;Silveiras;5792;6186;394
MG;Inconfidentes;6908;7301;393
ES;São Gabriel da Palha;31859;32252;393
PI;Pedro II;37502;37894;392
RS;Boa Vista do Buricá;6574;6966;392
PB;Lagoa de Dentro;7428;7819;391
PR;Guairaçá;6197;6587;390
RS;Camargo;2592;2981;389
BA;Mulungu do Morro;12763;13152;389
MG;Luz;17486;17875;389
RN;Major Sales;3536;3924;388
MG;Fortuna de Minas;2705;3093;388
SP;Campina do Monte Alegre;5567;5954;387
MG;Ponte Nova;57390;57776;386
MG;Carandaí;23427;23812;385
SC;Entre Rios;3018;3402;384
MA;Axixá;11407;11790;383
PR;Campo do Tenente;7125;7508;383
PB;São José dos Ramos;5508;5891;383
AP;Tartarugalzinho;12563;12945;382
RS;Paraí;6812;7194;382
SP;Panorama;14583;14964;381
PI;Dirceu Arcoverde;6675;7054;379
RN;Tenente Ananias;9883;10262;379
MG;Rubim;9919;10298;379
MG;Piedade dos Gerais;4640;5019;379
PR;Ângulo;2859;3235;376
ES;Vargem Alta;19188;19563;375
SC;Anitápolis;3218;3593;375
MT;Conquista D'Oeste;3385;3760;375
SP;Mirassolândia;4295;4669;374
SP;Guaraci;9976;10350;374
GO;Campestre de Goiás;3382;3755;373
SP;Itaju;3246;3618;372
MA;Dom Pedro;22681;23053;372
AL;Barra de São Miguel;7574;7944;370
MG;Jesuânia;4768;5138;370
MS;Anastácio;23744;24114;370
TO;Goiatins;12064;12433;369
RJ;São José de Ubá;6702;7070;368
CE;Acarape;13661;14027;366
MG;Dom Joaquim;4535;4899;364
GO;Sanclerlândia;7554;7918;364
SP;Quatá;12799;13163;364
RS;Coronel Barros;2459;2822;363
MG;Tocantins;15823;16185;362
GO;Alvorada do Norte;8084;8446;362
BA;Novo Horizonte;10801;11162;361
RN;Itajá;6932;7292;360
PI;Ilha Grande;8914;9274;360
PB;Bernardino Batista;3145;3504;359
SP;Ribeirão Branco;18269;18627;358
RJ;Cardoso Moreira;12600;12958;358
SP;Icém;7462;7819;357
BA;São José do Jacuípe;9830;10187;357
SP;Zacarias;2335;2692;357
SP;Osvaldo Cruz;30917;31272;355
SP;Guatapará;6966;7320;354
MG;Nova União;5555;5909;354
TO;Barra do Ouro;4123;4476;353
MG;Pouso Alto;6213;6566;353
SP;Rafard;8612;8965;353
RJ;Cordeiro;20430;20783;353
RS;São José do Hortêncio;4094;4447;353
SC;Nova Veneza;13312;13664;352
MT;Santo Antônio do Leste;3748;4099;351
TO;Sampaio;3864;4215;351
PR;Pinhalão;6215;6566;351
SE;Carmópolis;13503;13853;350
RN;Lagoa de Pedras;6989;7338;349
SP;Campos Novos Paulista;4539;4888;349
SP;Orindiúva;5675;6024;349
SC;Pinheiro Preto;3127;3473;346
AL;Pariconha;10227;10573;346
MA;Presidente Sarney;17165;17511;346
TO;São Félix do Tocantins;1437;1783;346
RS;Chuí;5917;6262;345
SC;Cunha Porã;10609;10953;344
CE;Pires Ferreira;10263;10606;343
AM;Codajás;23206;23549;343
MA;Alto Parnaíba;10766;11109;343
MG;Córrego Fundo;5790;6133;343
MG;Bocaina de Minas;5007;5348;341
PB;Aparecida;7620;7960;340
PB;Malta;5706;6046;340
SP;Reginópolis;7323;7662;339
PB;Alcantil;5239;5578;339
GO;Santa Terezinha de Goiás;10306;10645;339
MG;Lagoa Grande;8631;8969;338
PR;Rebouças;14176;14514;338
MG;São José da Varginha;4198;4536;338
PB;Juarez Távora;7459;7796;337
PB;Camalaú;5749;6085;336
PB;Mari;21176;21512;336
MG;Caiana;4968;5304;336
MG;Timóteo;81243;81579;336
TO;Tupirama;1574;1909;335
SP;Braúna;5021;5356;335
SP;Ribeirão Corrente;4273;4608;335
RS;Três Palmeiras;4381;4716;335
MG;Rio Pomba;17110;17443;333
MG;Guaraciama;4718;5051;333
MA;Pirapemas;17381;17714;333
PI;Bom Princípio do Piauí;5304;5636;332
BA;Dom Basílio;11553;11884;331
PI;Sebastião Leal;4116;4446;330
RS;Tabaí;4131;4461;330
BA;Wagner;9173;9503;330
PR;Nova Olímpia;5503;5833;330
RN;São Bento do Norte;2975;3304;329
PR;Campina da Lagoa;15394;15723;329
GO;Cromínia;3555;3883;328
MG;Pimenta;8236;8563;327
RS;Ametista do Sul;7323;7650;327
RN;Arês;12924;13251;327
RN;São José do Seridó;4231;4558;327
AL;Santana do Mundaú;10997;11323;326
BA;Canavieiras;32357;32683;326
MG;Bicas;13653;13978;325
PB;São Vicente do Seridó;9966;10291;325
PI;Olho D'Água do Piauí;2314;2637;323
PR;Fernandes Pinheiro;5932;6255;323
RN;Riachuelo;7067;7389;322
RS;São José do Sul;2058;2380;322
MG;Catuji;6708;7030;322
TO;Couto Magalhães;5009;5331;322
SP;Natividade da Serra;6678;6999;321
SP;Corumbataí;3874;4195;321
ES;Jerônimo Monteiro;11255;11575;320
PA;Nova Esperança do Piriá;20158;20478;320
PI;Nossa Senhora dos Remédios;8206;8525;319
RS;Pantano Grande;9895;10212;317
MG;Resende Costa;10913;11230;317
SE;Telha;2957;3274;317
PB;Pombal;32157;32473;316
PI;Monte Alegre do Piauí;10345;10660;315
PE;Camocim de São Félix;17104;17419;315
GO;Nazário;7874;8189;315
PR;Nova Laranjeiras;11759;12074;315
MG;São Sebastião da Vargem Alegre;2798;3113;315
MS;Laguna Carapã;6486;6799;313
PI;Bela Vista do Piauí;3778;4091;313
GO;Gameleira de Goiás;3143;3456;313
PB;Lastro;2850;3162;312
SP;Paulistânia;1779;2090;311
TO;Monte Santo do Tocantins;2085;2396;311
RS;Nova Candelária;2751;3061;310
MG;Aimorés;24959;25269;310
PI;Anísio de Abreu;9098;9407;309
MG;Urucânia;10291;10600;309
SE;Santana do São Francisco;7038;7346;308
RS;Morro Reuter;5722;6029;307
MG;Santa Bárbara do Monte Verde;2788;3095;307
SP;Mira Estrela;2820;3126;306
SP;Ipuã;14148;14454;306
PI;Coivaras;3811;4117;306
RS;Westfália;2793;3098;305
SP;São José do Rio Pardo;51900;52205;305
PE;Condado;24282;24587;305
MG;Itutinga;3913;4217;304
MG;Aguanil;4054;4357;303
SP;Buritizal;4053;4356;303
SP;Lindóia;6712;7014;302
RN;Vila Flor;2872;3174;302
SP;Macedônia;3664;3963;299
BA;Igaporã;15229;15527;298
PR;Novo Itacolomi;2827;3125;298
SC;Guaraciaba;10498;10796;298
PI;Geminiano;5148;5445;297
SC;Planalto Alegre;2650;2946;296
SP;Analândia;4293;4589;296
RJ;Sumidouro;14911;15206;295
GO;Palminópolis;3556;3851;295
RS;Novo Barreiro;3978;4272;294
MG;Pratinha;3265;3559;294
MG;Piracema;6406;6700;294
PI;Joca Marques;5100;5394;294
PR;São Jorge d'Oeste;9085;9378;293
AP;Serra do Navio;4380;4673;293
MG;Rio Manso;5276;5568;292
BA;Boninal;13330;13622;292
RN;Rio do Fogo;10059;10351;292
PR;Sertanópolis;15638;15930;292
SC;Abelardo Luz;17100;17392;292
CE;Quiterianópolis;19921;20213;292
RS;Brochier;4675;4966;291
CE;Capistrano;16963;17254;291
MG;Patrocínio do Muriaé;5287;5576;289
SP;Arealva;7841;8130;289
PA;Inhangapi;10037;10325;288
RN;São Francisco do Oeste;3874;4161;287
MG;Madre de Deus de Minas;4904;5191;287
MG;Borda da Mata;17118;17404;286
MG;Pingo-d'Água;4420;4706;286
TO;Bandeirantes do Tocantins;3122;3407;285
MG;Virgínia;8623;8908;285
SP;Anhumas;3738;4023;285
RS;Capitão;2636;2921;285
PI;Cabeceiras do Piauí;9928;10212;284
MG;Chácara;2792;3075;283
SC;Tunápolis;4633;4916;283
PB;Pilõezinhos;5046;5329;283
PI;Lagoinha do Piauí;2656;2939;283
SP;Gavião Peixoto;4419;4702;283
SC;Imbuia;5699;5982;283
MG;Bom Jardim de Minas;6501;6783;282
BA;Itaquara;7871;8153;282
PE;Glória do Goitá;29065;29347;282
RN;São Vicente;6028;6310;282
PI;Conceição do Canindé;4650;4932;282
MT;Luciara;2227;2509;282
RN;Portalegre;7320;7601;281
PB;Matinhas;4290;4571;281
BA;Uruçuca;21140;21420;280
SP;Paraibuna;17388;17667;279
PR;Munhoz de Melo;3672;3951;279
RS;Santa Maria do Herval;6063;6340;277
MG;Turvolândia;4658;4935;277
PB;Ingá;17415;17692;277
MA;Pindaré-Mirim;31152;31429;277
MG;Passa Tempo;8197;8473;276
CE;Ibicuitinga;11335;11611;276
RS;São Vendelino;1975;2251;276
RN;Ipanguaçu;13856;14131;275
PR;Prado Ferreira;3434;3709;275
SP;Santa Cruz da Conceição;4002;4277;275
GO;Professor Jamil;3375;3649;274
SP;Iguape;28841;29115;274
PI;Alvorada do Gurguéia;5050;5322;272
PR;Mallet;13156;13428;272
PR;Nova Santa Bárbara;3912;4184;272
PE;Buenos Aires;12537;12808;271
PE;Dormentes;16917;17188;271
SP;Bilac;7048;7319;271
ES;Água Doce do Norte;11771;12042;271
TO;Bom Jesus do Tocantins;3768;4038;270
SC;Jaborá;4041;4310;269
PE;Ingazeira;4496;4765;269
PI;Marcos Parente;4456;4724;268
SP;Aramina;5152;5420;268
ES;Laranja da Terra;10826;11094;268
GO;Edealina;3733;4001;268
SP;Indiana;4825;5090;265
PR;Santana do Itararé;5249;5514;265
GO;São Francisco de Goiás;6114;6378;264
SP;Salto Grande;8787;9050;263
TO;Marianópolis do Tocantins;4352;4615;263
SP;Pirangi;10623;10885;262
MG;Eugenópolis;10540;10801;261
CE;Antonina do Norte;6984;7245;261
MT;Arenápolis;10316;10576;260
SC;Rio do Campo;6192;6452;260
PB;Riacho de Santo Antônio;1696;1955;259
SC;Nova Itaberaba;4278;4536;258
SP;Jumirim;2798;3056;258
TO;Santa Tereza do Tocantins;2523;2781;258
RS;Quinze de Novembro;3653;3910;257
MG;Conceição do Pará;5158;5415;257
ES;Conceição do Castelo;11681;11937;256
SC;Treviso;3527;3782;255
GO;Inaciolândia;5699;5954;255
MA;Junco do Maranhão;4891;5146;255
MG;Ribeirão Vermelho;3826;4080;254
MG;Datas;5211;5465;254
PB;Riacho dos Cavalos;8239;8493;254
SC;Campo Erê;9370;9623;253
RN;Baía Formosa;8573;8825;252
MG;Vazante;19723;19975;252
MG;Senador Cortes;1988;2240;252
RO;São Francisco do Guaporé;16035;16286;251
SC;Bom Jesus;2526;2777;251
TO;Cariri do Tocantins;3756;4007;251
BA;Conde;23403;23654;251
AL;Monteirópolis;6934;7184;250
SC;Arvoredo;2260;2510;250
MG;Taparuba;3137;3387;250
PI;Caridade do Piauí;4783;5033;250
MG;São Tomé das Letras;6655;6904;249
PI;Lagoa Alegre;8008;8256;248
PE;Santa Cruz;13594;13841;247
TO;Caseara;4601;4847;246
PR;Alto Paraná;13663;13909;246
PB;Congo;4687;4933;246
SP;Cunha;21866;22110;244
MA;Carolina;23818;24062;244
RS;Santa Margarida do Sul;2352;2596;244
MG;Santa Cruz de Minas;7865;8109;244
PR;Catanduvas;10202;10446;244
PB;Cabaceiras;5092;5335;243
PI;Bertolínia;5319;5562;243
SP;Lagoinha;4841;5083;242
CE;Iracema;13760;14001;241
PB;Santa Luzia;14719;14959;240
MG;Natalândia;3280;3520;240
MT;Ponte Branca;1768;2008;240
ES;Vila Pavão;8672;8911;239
CE;Ibiapina;23726;23965;239
SP;Nova Granada;19180;19419;239
MA;Afonso Cunha;5905;6144;239
RJ;Tanguá;30848;31086;238
SC;Bandeirante;2906;3144;238
AL;Lagoa da Canoa;18219;18457;238
PR;Piraí do Sul;23413;23651;238
BA;Saubara;11201;11438;237
MG;Pedra do Indaiá;3875;4112;237
BA;Várzea Nova;13141;13377;236
PE;Brejão;8844;9079;235
PB;Barra de São Miguel;5671;5906;235
BA;Ichu;5957;6190;233
PR;São Carlos do Ivaí;6354;6587;233
MG;Marmelópolis;2968;3200;232
SP;Piacatu;5287;5519;232
SP;Pompéia;19964;20196;232
PR;Paula Freitas;5434;5666;232
PR;Pitangueiras;2814;3046;232
RS;São Pedro da Serra;3316;3548;232
MG;Santo Antônio do Aventureiro;3538;3769;231
PB;Juazeirinho;16776;17007;231
SP;Ribeirão do Sul;4446;4677;231
PI;Curralinhos;4183;4413;230
PB;Passagem;2233;2463;230
MS;Douradina;5349;5578;229
RS;Barra do Quaraí;4012;4241;229
SP;Pedranópolis;2558;2787;229
CE;Ipaporanga;11347;11575;228
MG;Fama;2350;2578;228
MA;São João dos Patos;24793;25020;227
MG;Santa Rita de Minas;6547;6773;226
BA;Nova Itarana;7554;7780;226
MG;Itueta;5830;6055;225
RS;Machadinho;5510;5735;225
MS;Coronel Sapucaia;14064;14289;225
SC;Bocaina do Sul;3290;3515;225
MG;Nazareno;7954;8179;225
MT;Nova Monte Verde;8089;8313;224
PR;Florestópolis;11222;11446;224
BA;Medeiros Neto;21971;22194;223
MS;Coxim;31930;32151;221
SP;Cândido Rodrigues;2668;2889;221
MA;Senador La Rocque;14479;14700;221
PR;Lupionópolis;4592;4813;221
SP;João Ramalho;4150;4371;221
CE;Itaiçaba;7316;7536;220
GO;São Luiz do Norte;4617;4837;220
RS;Entre-Ijuís;8938;9158;220
RN;Passagem;2895;3115;220
PB;Cubati;7361;7580;219
RN;Carnaubais;9495;9714;219
SC;Ermo;2050;2269;219
MG;São Domingos das Dores;5408;5626;218
PB;São João do Rio do Peixe;17746;17964;218
MG;Sericita;7128;7345;217
PI;Cocal de Telha;4694;4911;217
PR;Tamboara;4664;4880;216
SP;Paranapuã;3815;4031;216
PI;Madeiro;7816;8032;216
TO;Muricilândia;3152;3367;215
SC;São João do Oeste;6080;6295;215
CE;Aracoiaba;25338;25553;215
MS;Sete Quedas;10780;10994;214
RN;Ouro Branco;4699;4913;214
RS;Antônio Prado;12831;13045;214
RS;Picada Café;5138;5351;213
SC;Lajeado Grande;1490;1702;212
PI;Simões;14138;14350;212
SP;Santa Branca;13763;13975;212
RS;São Luiz Gonzaga;34540;34752;212
RS;Nicolau Vergueiro;1721;1932;211
PI;Fartura do Piauí;5074;5284;210
MG;Vermelho Novo;4689;4899;210
RN;Felipe Guerra;5734;5944;210
SC;Imaruí;11673;11881;208
RS;Salvador das Missões;2669;2877;208
TO;Novo Acordo;3762;3969;207
MA;Loreto;11390;11597;207
PE;Exu;31636;31843;207
GO;Cabeceiras;7354;7560;206
SC;Princesa;2758;2964;206
PI;Capitão de Campos;10894;11100;206
RS;São José do Inhacorá;2200;2406;206
GO;Corumbá de Goiás;10357;10562;205
PI;Betânia do Piauí;6015;6220;205
TO;Paranã;10338;10542;204
SC;Coronel Freitas;10184;10388;204
RN;Viçosa;1618;1822;204
CE;Moraújo;8050;8254;204
SC;Caxambu do Sul;4411;4614;203
SP;Paraíso;5898;6099;201
PR;Lobato;4401;4601;200
SC;Apiúna;9611;9811;200
PI;Aroeiras do Itaim;2490;2690;200
BA;Botuporã;10824;11024;200
MG;Senador José Bento;1868;2068;200
MT;Santa Terezinha;7397;7596;199
ES;Dores do Rio Preto;6397;6596;199
PI;Vera Mendes;2986;3185;199
SP;Santa Salete;1447;1645;198
MG;Alterosa;13717;13915;198
SP;Poloni;5395;5592;197
SC;Dionísio Cerqueira;14811;15008;197
RS;São Pedro do Butiá;2873;3070;197
PB;Itatuba;10302;10499;197
BA;Potiraguá;10077;10274;197
SP;Santo Expedito;2803;3000;197
PI;Tamboril do Piauí;2753;2949;196
SC;São Martinho;3209;3405;196
SP;Rio Grande da Serra;43974;44170;196
SC;Flor do Sertão;1588;1783;195
PB;Soledade;13774;13968;194
SP;Itaoca;3228;3422;194
RS;Nova Esperança do Sul;4671;4865;194
SC;Luzerna;5600;5794;194
BA;Aracatu;13743;13936;193
MA;Bernardo do Mearim;5647;5840;193
PI;Queimada Nova;8546;8738;192
RS;Vila Maria;4221;4413;192
ES;Águia Branca;9519;9711;192
GO;Cavalcante;9392;9583;191
SP;Santa Rita d'Oeste;2543;2733;190
RS;Água Santa;3722;3912;190
MG;São Sebastião do Rio Verde;2110;2300;190
PB;São Bentinho;4138;4327;189
GO;Santa Fé de Goiás;4762;4951;189
SE;Gracho Cardoso;5645;5834;189
SE;Santa Rosa de Lima;3749;3937;188
MG;Senhora dos Remédios;10196;10384;188
SC;Palmeira;2373;2561;188
GO;Mairipotaba;2374;2561;187
SC;Paraíso;4080;4267;187
GO;Britânia;5509;5695;186
SC;Santiago do Sul;1465;1651;186
PI;Monsenhor Hipólito;7391;7577;186
MG;Pequeri;3165;3351;186
MG;Peçanha;17260;17446;186
MG;Coronel Xavier Chaves;3301;3486;185
PB;São Miguel de Taipu;6881;7066;185
TO;Abreulândia;2391;2576;185
PI;Avelino Lopes;10681;10866;185
SC;Arabutã;4193;4378;185
MA;Esperantinópolis;18126;18311;185
SP;Balbinos;3702;3887;185
GO;Nova Iguaçu de Goiás;2826;3010;184
PR;Bom Jesus do Sul;3796;3980;184
MG;São João da Mata;2731;2914;183
SC;Chapadão do Lageado;2767;2950;183
SP;Santo Antônio do Jardim;5943;6126;183
PR;Cafezal do Sul;4290;4473;183
AL;Cacimbinhas;10300;10482;182
SC;Benedito Novo;10338;10520;182
MA;São Francisco do Maranhão;11883;12064;181
RS;Alto Feliz;2891;3072;181
MG;Monsenhor Paulo;8161;8340;179
SP;Lucélia;19882;20061;179
RN;Alto do Rodrigues;12305;12484;179
RS;Selbach;4929;5107;178
PB;Sossêgo;3169;3345;176
SC;Timbó Grande;7167;7342;175
RN;Lajes Pintadas;4612;4787;175
MG;Rochedo de Minas;2116;2291;175
SC;Urupema;2482;2656;174
MG;Cabeceira Grande;6453;6627;174
MT;Porto dos Gaúchos;5420;5593;173
GO;Buriti de Goiás;2560;2732;172
GO;Itapirapuã;7835;8007;172
SE;Japoatã;13236;13407;171
RN;Santana do Seridó;2526;2696;170
MG;Maravilhas;7163;7333;170
PI;São Francisco de Assis do Piauí;5402;5572;170
PR;São Pedro do Paraná;2491;2661;170
SP;Quadra;3236;3405;169
TO;Rio dos Bois;2570;2738;168
SP;Ocauçu;4163;4331;168
MG;Conquista;6526;6694;168
PI;Matias Olímpio;10473;10641;168
BA;Santanópolis;8549;8716;167
MG;São João da Lagoa;4656;4822;166
TO;Chapada de Areia;1335;1501;166
MG;Cônego Marinho;7071;7237;166
SP;Cássia dos Coqueiros;2634;2799;165
SC;Paial;1763;1927;164
SP;Américo de Campos;5706;5870;164
MG;Cristina;10210;10374;164
MG;Luminárias;5422;5586;164
PB;Várzea;2504;2668;164
RS;Chapada;9377;9540;163
SP;Santa Cruz da Esperança;1953;2116;163
MG;Bela Vista de Minas;10004;10167;163
SP;Coroados;5238;5400;162
MG;Ibertioga;5036;5198;162
AM;Atalaia do Norte;15153;15314;161
MG;São José do Mantimento;2592;2753;161
BA;Lajedão;3685;3845;160
MG;Descoberto;4768;4928;160
MG;Carmésia;2446;2605;159
SP;Jaboticabal;71662;71821;159
SP;Monte Castelo;4063;4222;159
SP;Capão Bonito;46178;46337;159
MG;Santa Rosa da Serra;3224;3382;158
SP;Álvaro de Carvalho;4650;4808;158
PR;Turvo;14074;14231;157
RN;Jundiá;3582;3739;157
PB;Boa Vista;6221;6377;156
RO;Rio Crespo;3316;3471;155
PI;Porto;11897;12052;155
PI;Angical do Piauí;6672;6827;155
RS;Poço das Antas;2017;2171;154
MG;Passa Vinte;2079;2233;154
PB;Tenório;2813;2966;153
PB;Zabelê;2075;2228;153
RS;Taquaruçu do Sul;2966;3119;153
PR;Icaraíma;8839;8991;152
PR;Ibema;6066;6218;152
MG;Porto Firme;10417;10569;152
BA;Contendas do Sincorá;4181;4333;152
PR;Santa Isabel do Ivaí;8760;8912;152
MG;Silvianópolis;6027;6179;152
RN;Caraúbas;19576;19727;151
MG;Cachoeira de Pajeú;8959;9110;151
MG;Areado;13731;13881;150
PB;Junco do Seridó;6643;6793;150
GO;São Patrício;1993;2143;150
PI;Currais;4704;4854;150
PB;Amparo;2085;2234;149
PR;Indianópolis;4299;4448;149
MA;Matinha;21885;22034;149
PB;Serra Grande;2794;2942;148
SC;Vitor Meireles;5222;5370;148
RS;Mariana Pimentel;3768;3916;148
PB;São Sebastião de Lagoa de Roça;10893;11040;147
BA;Tucano;48589;48736;147
RJ;Macuco;5269;5415;146
RN;Espírito Santo;10475;10620;145
PB;São Domingos do Cariri;2441;2585;144
BA;São Gabriel;18456;18600;144
RS;Tapera;10448;10592;144
MG;Santo Antônio do Grama;4085;4229;144
RS;Roca Sales;10275;10418;143
RS;Riozinho;4330;4473;143
MG;São João do Manteninha;5188;5331;143
SP;Cajati;28372;28515;143
PI;Barra D'Alcântara;3852;3995;143
PI;Várzea Branca;4913;5055;142
BA;Cafarnaum;17324;17466;142
MG;Bugre;3900;4041;141
BA;Aratuípe;8536;8677;141
RN;Senador Georgino Avelino;3924;4065;141
ES;Governador Lindenberg;10869;11009;140
RS;Lagoa dos Três Cantos;1598;1738;140
MA;Bom Jesus das Selvas;28459;28599;140
MG;Bom Jesus do Amparo;5491;5631;140
SP;São João do Pau d'Alho;2103;2242;139
PI;Belém do Piauí;3284;3423;139
SP;Trabiju;1544;1682;138
SC;Iomerê;2739;2877;138
PA;Terra Alta;10262;10400;138
BA;Várzea da Roça;13663;13800;137
MG;São José do Alegre;3996;4133;137
MG;Resplendor;17089;17226;137
BA;Catolândia;3297;3434;137
GO;Lagoa Santa;1254;1390;136
MA;Nova Colinas;4885;5021;136
SP;Uru;1251;1387;136
PR;Pinhal de São Bento;2625;2761;136
MG;São Bento Abade;4577;4713;136
PA;Piçarra;12697;12832;135
SC;Urubici;10699;10834;135
MA;Lajeado Novo;6923;7057;134
PR;Quedas do Iguaçu;30605;30738;133
RN;Alexandria;13507;13640;133
SP;Indiaporã;3903;4035;132
RS;Salvador do Sul;6747;6879;132
RS;Lagoa Vermelha;27527;27659;132
PR;Itambé;5979;6111;132
TO;Nazaré;4390;4521;131
RS;Barra Funda;2367;2498;131
MG;Silveirânia;2192;2323;131
PR;Japira;4841;4972;131
PB;Picuí;18202;18333;131
PA;Floresta do Araguaia;17768;17898;130
PB;Vista Serrana;3511;3641;130
MA;Santo Amaro do Maranhão;13820;13949;129
MG;Santa Rita do Itueto;5697;5826;129
BA;Gentio do Ouro;10755;10884;129
MG;Pains;8014;8142;128
PB;São José do Sabugi;4010;4138;128
RS;Mampituba;3003;3131;128
RS;Arvorezinha;10194;10322;128
PR;São José das Palmeiras;3830;3957;127
TO;Oliveira de Fátima;1037;1164;127
SP;Santa Mercedes;2831;2956;125
SC;Pedras Grandes;4120;4245;125
SP;Itaberá;17858;17983;125
BA;Muniz Ferreira;7065;7190;125
BA;Lafaiete Coutinho;3950;4075;125
SC;Rio das Antas;6129;6253;124
MT;Comodoro;18114;18238;124
SE;Malhada dos Bois;3456;3579;123
RS;Nova Roma do Sul;3343;3466;123
PI;Pau D'Arco do Piauí;3757;3880;123
SP;Lucianópolis;2249;2372;123
PR;Juranda;7649;7771;122
PI;São Gonçalo do Gurguéia;2825;2947;122
MG;Ewbank da Câmara;3753;3875;122
BA;Santa Luzia;13776;13896;120
PR;Espigão Alto do Iguaçu;4677;4797;120
SC;Morro Grande;2890;3010;120
SC;Salete;7370;7489;119
RS;Campos Borges;3494;3613;119
PB;Remígio;17766;17885;119
SP;Arco-Íris;1925;2044;119
RN;Serrinha dos Pintos;4540;4659;119
RS;Pinhal da Serra;2130;2248;118
MG;Olhos-d'Água;5267;5385;118
BA;Floresta Azul;10941;11059;118
ES;Alto Rio Novo;7317;7434;117
SP;Viradouro;17297;17414;117
SE;São Francisco;3127;3243;116
PB;Caldas Brandão;5637;5753;116
PI;São Pedro do Piauí;13639;13755;116
MG;Claraval;4542;4658;116
CE;Jucás;23807;23922;115
PI;Colônia do Gurguéia;6036;6150;114
RS;Lajeado do Bugre;2487;2601;114
RS;Pinto Bandeira;2609;2723;114
PI;Inhuma;14845;14958;113
PI;Antônio Almeida;3039;3152;113
MG;Presidente Kubitschek;2959;3071;112
PE;Granito;6855;6967;112
SP;Dolcinópolis;2096;2207;111
SP;Flórida Paulista;12848;12958;110
CE;Novo Oriente;27435;27545;110
PR;Flórida;2543;2652;109
PR;Pranchita;5628;5737;109
SE;General Maynard;2929;3037;108
SC;Angelina;5250;5358;108
RS;Sentinela do Sul;5198;5306;108
PR;Rondon;8989;9097;108
GO;Jandaia;6164;6272;108
BA;Malhada de Pedras;8563;8670;107
PI;Jerumenha;4390;4497;107
PI;Caracol;10212;10318;106
PI;Caraúbas do Piauí;5525;5630;105
PR;Miraselva;1862;1966;104
PR;Mariópolis;6268;6371;103
MS;Taquarussu;3522;3625;103
MG;Jaguaraçu;2990;3092;102
RS;Santo Antônio do Planalto;1987;2089;102
MA;Ribamar Fiquene;7318;7420;102
SP;Borá;805;907;102
SC;Vargeão;3532;3634;102
RS;Capivari do Sul;3890;3991;101
MG;Carrancas;3948;4049;101
RN;Jucurutu;17692;17793;101
MG;Dom Viçoso;2994;3095;101
GO;Morro Agudo de Goiás;2356;2456;100
SP;Sebastianópolis do Sul;3031;3130;99
SE;Brejo Grande;7742;7841;99
GO;Três Ranchos;2822;2921;99
PI;Amarante;17135;17234;99
SC;Doutor Pedrinho;3539;3637;98
GO;Aragarças;18292;18390;98
PB;Alagoinha;13627;13725;98
RN;Pedra Grande;3521;3618;97
SP;Chavantes;12114;12211;97
BA;Andaraí;12983;13080;97
MG;Fervedouro;10349;10445;96
PR;Marumbi;4603;4699;96
PI;Capitão Gervásio Oliveira;3878;3974;96
TO;Luzinópolis;2622;2717;95
PR;Formosa do Oeste;7541;7635;94
MT;Torixoréu;4071;4164;93
SP;Fernão;1563;1656;93
PI;Ipiranga do Piauí;9327;9420;93
MG;Carmo da Mata;10927;11019;92
PR;Tupãssi;7985;8077;92
MG;Arantina;2823;2915;92
MG;Dona Euzébia;6001;6093;92
CE;Jati;7769;7861;92
TO;Santa Rita do Tocantins;2128;2219;91
CE;Barroquinha;14476;14567;91
PI;São Miguel do Tapuio;17463;17554;91
RN;São Fernando;3401;3492;91
SC;Caibi;6214;6304;90
SC;Salto Veloso;4301;4390;89
RS;Erebango;2965;3054;89
PI;Curral Novo do Piauí;4984;5073;89
MG;Divisa Nova;5763;5851;88
RN;Doutor Severiano;6956;7044;88
MG;Canaã;4628;4715;87
PR;Barra do Jacaré;2727;2814;87
PR;Ramilândia;4134;4221;87
GO;Faina;6983;7070;87
SP;Guaimbê;5425;5512;87
TO;Combinado;4669;4756;87
PR;Bela Vista da Caroba;3945;4031;86
RN;Messias Targino;4188;4274;86
GO;São João da Paraúna;1688;1774;86
TO;Santa Rosa do Tocantins;4568;4653;85
RN;Santa Maria;4762;4847;85
RN;Cerro Corá;10916;11000;84
CE;Caririaçu;26236;26320;84
SC;Cunhataí;1884;1968;84
GO;Sítio d'Abadia;2843;2927;84
RN;Fernando Pedroza;2854;2938;84
RS;Mato Castelhano;2470;2553;83
RN;Angicos;11549;11632;83
MG;Água Comprida;2025;2108;83
SP;Tabatinga;14686;14769;83
MG;Cruzeiro da Fortaleza;3438;3521;83
PI;São Gonçalo do Piauí;4754;4837;83
PB;Gurjão;3159;3242;83
RS;Caraá;7312;7394;82
RS;Nova Boa Vista;1960;2042;82
SP;Sarutaiá;3622;3704;82
PB;Damião;4900;4982;82
MA;Sambaíba;5487;5568;81
PI;Várzea Grande;4336;4417;81
SC;Formosa do Sul;2601;2682;81
MG;Juvenília;5708;5789;81
RS;Imigrante;3000;3080;80
PR;Jussara;6610;6690;80
MG;Alto Jequitibá;8318;8397;79
PI;Santo Antônio dos Milagres;2059;2138;79
SP;Sagres;2395;2474;79
MG;Serrania;7542;7621;79
MG;Pequi;4076;4155;79
SC;Timbé do Sul;5308;5386;78
TO;Miranorte;12623;12701;78
GO;Nova América;2259;2337;78
AL;Olho d'Água das Flores;20617;20695;78
MT;União do Sul;3760;3838;78
RS;Monte Alegre dos Campos;3102;3180;78
BA;Antônio Gonçalves;10785;10862;77
SP;Duartina;12251;12328;77
PR;Kaloré;4506;4582;76
PB;Desterro;7991;8067;76
TO;Taipas do Tocantins;1945;2021;76
GO;Ipiranga de Goiás;2843;2919;76
SP;Ubarana;5289;5365;76
SE;Aquidabã;20056;20131;75
PR;Faxinal;16314;16389;75
SE;Rosário do Catete;9221;9295;74
CE;Ipaumirim;12009;12083;74
CE;Poranga;11992;12065;73
SP;Águas de São Pedro;2707;2780;73
MA;Sítio Novo;17002;17074;72
RS;Barra do Guarita;3089;3161;72
PR;Lapa;44932;45003;71
MG;Aiuruoca;6162;6233;71
TO;Porto Alegre do Tocantins;2796;2866;70
MG;Sapucaí-Mirim;6241;6311;70
PE;Carnaíba;18574;18644;70
PI;Joaquim Pires;13817;13886;69
MG;Ritápolis;4925;4994;69
MG;Presidente Olegário;18697;18765;68
AL;Campestre;6598;6665;67
PR;Atalaia;3913;3980;67
RS;Gentil;1677;1744;67
SP;São João de Iracema;1780;1846;66
SP;Mesópolis;1886;1952;66
PI;Miguel Leão;1253;1318;65
MA;Maranhãozinho;13697;13761;64
PE;Terra Nova;8856;8920;64
SC;Sul Brasil;2768;2832;64
RS;São Jorge;2848;2912;64
SC;Ibiam;1945;2008;63
MG;Coimbra;7054;7117;63
SP;Cananéia;12226;12289;63
MG;Frei Lagonegro;3329;3391;62
PR;Iretama;10622;10684;62
RS;São João do Polêsine;2588;2649;61
BA;Brotas de Macaúbas;11705;11765;60
MG;Baependi;18307;18366;59
RS;Linha Nova;1624;1683;59
PE;Jatobá;13963;14020;57
SP;Itariri;15471;15528;57
SP;Vitória Brasil;1737;1794;57
GO;Varjão;3659;3716;57
SC;Calmon;3387;3443;56
SE;São Domingos;10271;10327;56
SP;Gabriel Monteiro;2708;2763;55
AL;Coqueiro Seco;5526;5581;55
PR;Céu Azul;11032;11087;55
PR;Verê;7878;7932;54
SC;Arroio Trinta;3502;3556;54
TO;Rio da Conceição;1714;1768;54
RS;Itati;2584;2638;54
SC;Grão-Pará;6223;6277;54
PB;Santo André;2569;2622;53
MG;Matutina;3761;3814;53
PB;Coxixola;1771;1824;53
SP;Pontalinda;4074;4127;53
MG;São Gonçalo do Sapucaí;23906;23959;53
RN;Timbaúba dos Batistas;2295;2348;53
RS;Cruzeiro do Sul;11549;11600;51
PI;Pedro Laurentino;2407;2458;51
PR;Ipiranga;14091;14142;51
RJ;Duas Barras;10930;10980;50
PB;Curral de Cima;5204;5254;50
PR;Rio Negro;31274;31324;50
RJ;Sapucaia;17679;17729;50
SP;Ipaussu;13663;13712;49
SC;Lacerdópolis;2199;2248;49
SE;Moita Bonita;11001;11050;49
SC;Bom Jesus do Oeste;2138;2187;49
PB;Cuité de Mamanguape;6202;6251;49
BA;Tanquinho;7669;7717;48
PI;Flores do Piauí;4366;4414;48
GO;Campinaçu;3660;3708;48
MA;Governador Eugênio Barros;13883;13930;47
MG;Carmo de Minas;13750;13797;47
SP;Cafelândia;16607;16654;47
PR;Sulina;3394;3440;46
PB;Caraúbas;3899;3944;45
TO;Itapiratins;3532;3577;45
PI;São Braz do Piauí;4313;4358;45
SP;Estrela do Norte;2658;2703;45
PR;Anahy;2874;2918;44
PB;São Sebastião do Umbuzeiro;3235;3279;44
PB;Quixaba;1699;1743;44
RS;Pinheirinho do Vale;4497;4540;43
MT;Nossa Senhora do Livramento;12897;12940;43
PR;Alvorada do Sul;10283;10326;43
PA;São João de Pirabas;20647;20689;42
MG;Cajuri;4047;4088;41
PR;Congonhinhas;8279;8320;41
MT;Juscimeira;11439;11480;41
GO;Joviânia;7118;7159;41
MG;Couto de Magalhães de Minas;4204;4245;41
MT;Curvelândia;4862;4903;41
MG;Alagoa;2709;2749;40
TO;Silvanópolis;5068;5108;40
PR;São Manoel do Paraná;2098;2138;40
MT;São Pedro da Cipa;4151;4191;40
PE;Tuparetama;7966;8005;39
RS;São Valentim do Sul;2168;2207;39
MG;Albertina;2913;2952;39
MG;Cachoeira da Prata;3654;3693;39
PE;Angelim;10202;10241;39
MG;Uruana de Minas;3243;3282;39
MG;São Romão;10276;10315;39
TO;São Valério;4383;4422;39
PI;Milton Brandão;6504;6542;38
RN;Cruzeta;7967;8005;38
RJ;Miracema;26843;26881;38
GO;Nova Aurora;2064;2101;37
BA;Feira da Mata;5595;5631;36
RN;Barcelona;3950;3986;36
GO;Ivolândia;2658;2693;35
MG;São Domingos do Prata;17357;17392;35
RN;São João do Sabugi;5922;5956;34
MG;Itapagipe;13656;13690;34
SC;Celso Ramos;2771;2805;34
RS;Augusto Pestana;7116;7149;33
SP;Aspásia;1809;1842;33
PR;Renascença;6812;6845;33
MG;Natércia;4658;4691;33
GO;Ouro Verde de Goiás;4025;4057;32
MG;Dom Silvério;5196;5228;32
AL;Maribondo;13648;13679;31
MG;Maria da Fé;14216;14247;31
MG;Santo Antônio do Rio Abaixo;1777;1808;31
RN;Montanhas;11413;11444;31
SC;Serra Alta;3272;3303;31
SE;Nossa Senhora de Lourdes;6238;6268;30
PI;Barreiras do Piauí;3234;3264;30
SC;Santa Helena;2395;2425;30
MG;Seritinga;1789;1819;30
MG;Campo Azul;3684;3714;30
RS;Faxinal do Soturno;6672;6702;30
BA;Itapitanga;10250;10279;29
PI;Paes Landim;4059;4088;29
SP;Santana da Ponte Pensa;1641;1670;29
AL;Santa Luzia do Norte;6891;6919;28
SP;Ribeirão Grande;7422;7450;28
PB;Poço de José de Moura;3978;4006;28
RS;Esmeralda;3168;3195;27
PE;Verdejante;9142;9169;27
MG;Ubaí;11681;11708;27
PI;Castelo do Piauí;19262;19288;26
MA;Governador Archer;10205;10231;26
MG;Pedro Teixeira;1785;1810;25
SP;Suzanápolis;3383;3408;25
RS;Protásio Alves;2000;2025;25
RS;Vista Gaúcha;2759;2783;24
PB;Prata;3891;3915;24
PR;Barracão;9735;9759;24
SC;Belmonte;2635;2658;23
SC;Modelo;4057;4080;23
BA;Jaborandi;9252;9275;23
MG;Conceição das Pedras;2749;2772;23
SC;Santa Rosa de Lima;2065;2088;23
SP;Guarantã;6404;6427;23
MS;Cassilândia;20966;20988;22
MG;Olímpio Noronha;2533;2555;22
PR;São João do Triunfo;13704;13726;22
TO;Lavandeira;1605;1626;21
SP;Anhembi;5653;5674;21
MG;Doresópolis;1440;1461;21
RS;Vista Alegre do Prata;1569;1590;21
RN;Taboleiro Grande;2317;2338;21
ES;Pinheiros;23895;23915;20
RJ;Itaocara;22899;22919;20
BA;Maetinga;6953;6973;20
PR;Bom Sucesso;6561;6581;20
RS;Vanini;1984;2004;20
MG;São Geraldo;10263;10282;19
RN;Parazinho;4782;4801;19
MG;Grupiara;1373;1392;19
MG;Bueno Brandão;10892;10911;19
RS;Santa Cecília do Sul;1655;1674;19
MT;Apiacás;8571;8590;19
RS;Cristal;7280;7299;19
MG;Rio Doce;2465;2484;19
SP;São Pedro do Turvo;7198;7217;19
CE;Tejuçuoca;17136;17154;18
PB;Pedra Branca;3721;3739;18
SP;Elisiário;3120;3138;18
SP;Álvares Florence;3897;3915;18
SP;Monteiro Lobato;4120;4138;18
MG;Serra da Saudade;815;833;18
PI;Novo Santo Antônio;2809;2827;18
PR;Ibaiti;28813;28830;17
SC;Presidente Nereu;2284;2301;17
RN;Vera Cruz;10719;10735;16
SC;Jacinto Machado;10608;10624;16
MA;Santo Antônio dos Lopes;14288;14304;16
PB;São José do Brejo do Cruz;1684;1699;15
BA;Anagé;25423;25438;15
MG;Chiador;2785;2800;15
RN;Monte das Gameleiras;2261;2276;15
PI;Júlio Borges;5373;5388;15
MG;Leopoldina;51130;51145;15
RS;Capão do Cipó;3104;3119;15
GO;Perolândia;2950;2964;14
BA;Paramirim;20337;20351;14
SC;Lauro Müller;14367;14381;14
SE;Divina Pastora;4326;4340;14
RS;Passo do Sobrado;6011;6025;14
PR;Salto do Itararé;5178;5192;14
SP;São João das Duas Pontes;2566;2580;14
MG;Heliodora;6121;6134;13
RJ;Trajano de Moraes;10289;10302;13
RS;Sertão Santana;5850;5863;13
MG;Centralina;10195;10207;12
RS;Dom Pedro de Alcântara;2550;2562;12
PI;Passagem Franca do Piauí;4123;4135;12
TO;Juarina;2231;2243;12
SP;Nova Europa;9300;9311;11
BA;Canarana;24195;24206;11
SE;Cumbe;3813;3824;11
PR;Rio Azul;14015;14025;10
AP;Pracuúba;3793;3803;10
MG;Campestre;20686;20696;10
CE;Guaramiranga;5644;5654;10
PI;João Costa;2960;2970;10
RJ;Italva;14063;14073;10
MT;Novo Santo Antônio;2005;2015;10
BA;Barro Alto;13444;13453;9
PB;São José do Bonfim;3233;3242;9
GO;Novo Brasil;3519;3527;8
RN;Triunfo Potiguar;3368;3376;8
SC;Jardinópolis;1769;1776;7
RS;Mormaço;2749;2756;7
MG;Tapira;4112;4118;6
PI;São José do Piauí;6591;6597;6
SP;Torrinha;9330;9335;5
MG;Marilac;4219;4224;5
MG;Mercês;10368;10373;5
PE;Bonito;37469;37474;5
SP;União Paulista;1599;1603;4
SC;Peritiba;2988;2992;4
RJ;Silva Jardim;21349;21352;3
CE;Jaguaribara;10353;10356;3
RS;Boa Vista do Sul;2776;2779;3
PI;Guadalupe;10268;10270;2
SP;Bariri;31593;31595;2
BA;Muritiba;28705;28707;2
PB;Pedro Régis;5765;5766;1
MA;Benedito Leite;5469;5469;0
MG;Carvalhópolis;3341;3341;0
PA;Magalhães Barata;8115;8115;0
GO;Damolândia;2725;2724;-1
BA;Ituaçu;17915;17914;-1
RN;Caiçara do Norte;6295;6293;-2
SP;Guarani d'Oeste;1970;1968;-2
SC;Mirim Doce;2513;2511;-2
PR;Boa Esperança;4560;4558;-2
RN;Várzea;5236;5233;-3
SP;Urânia;8836;8833;-3
GO;Araçu;3802;3799;-3
TO;Tocantinópolis;22619;22615;-4
PI;Manoel Emídio;5213;5209;-4
RS;Campestre da Serra;3247;3242;-5
RN;Afonso Bezerra;10844;10839;-5
MG;Vargem Bonita;2163;2158;-5
MG;Serranos;1995;1990;-5
PI;Redenção do Gurguéia;8400;8394;-6
SP;Emilianópolis;3020;3014;-6
MG;Leandro Ferreira;3205;3199;-6
PB;Paulista;11840;11834;-6
MG;Jacuí;7502;7495;-7
RS;Mato Queimado;1802;1795;-7
RS;Santa Vitória do Palmar;30990;30983;-7
RS;Caseiros;3007;3000;-7
SP;Brejo Alegre;2573;2565;-8
PI;Santo Inácio do Piauí;3654;3646;-8
PE;Buíque;52105;52097;-8
RJ;Natividade;15082;15074;-8
SC;São Carlos;10291;10282;-9
PI;Santa Filomena;6096;6087;-9
PI;Sussuapara;6229;6220;-9
SP;Iepê;7628;7619;-9
TO;Lagoa do Tocantins;3525;3516;-9
MG;Aracitaba;2058;2049;-9
MG;Felício dos Santos;5142;5133;-9
PR;Candói;14983;14973;-10
PB;Ouro Velho;2928;2918;-10
SP;Salmourão;4818;4808;-10
PR;Itaúna do Sul;3583;3572;-11
MG;Acaiaca;3920;3909;-11
RN;Januário Cicco;9062;9051;-11
SC;Meleiro;7018;7006;-12
MG;Douradoquara;1841;1829;-12
SP;Oriente;6097;6085;-12
PB;São João do Cariri;4239;4226;-13
RS;Fagundes Varela;2579;2566;-13
GO;Itapuranga;26127;26113;-14
SP;Inúbia Paulista;3630;3615;-15
PE;Pesqueira;62737;62722;-15
PR;Boa Vista da Aparecida;7939;7924;-15
MG;Abaeté;22690;22675;-15
MG;Monte Belo;13061;13046;-15
SP;Bom Sucesso de Itararé;3571;3555;-16
SP;Tapiraí;8012;7996;-16
MG;Ibitiúra de Minas;3382;3365;-17
PE;Alagoinha;13559;13542;-17
PI;São Lourenço do Piauí;4427;4410;-17
GO;Cachoeira de Goiás;1422;1405;-17
RN;Paraná;3952;3934;-18
RS;Ilópolis;4175;4157;-18
SP;Nova Campina;8515;8497;-18
RO;Itapuã do Oeste;8566;8548;-18
MG;Delfim Moreira;7971;7952;-19
MG;Antônio Carlos;11114;11095;-19
SC;Marema;2203;2184;-19
MG;Indianópolis;6190;6171;-19
RS;Nova Alvorada;3182;3163;-19
MG;Jordânia;10324;10304;-20
MG;Desterro do Melo;3015;2994;-21
SP;Ouro Verde;7800;7779;-21
RS;Capão Bonito do Sul;1754;1733;-21
MG;Umburatiba;2705;2684;-21
SP;Nova Guataporanga;2177;2156;-21
PB;Jericó;7538;7516;-22
PI;Francisco Macedo;2951;2929;-22
RN;Jandaíra;6585;6562;-23
MG;São Gonçalo do Rio Preto;3056;3032;-24
PR;Planaltina do Paraná;4095;4070;-25
PA;Santarém Novo;6141;6116;-25
PB;Joca Claudino;2564;2539;-25
MG;Serranópolis de Minas;4425;4399;-26
MG;Guarda-Mor;6565;6539;-26
SE;Ilha das Flores;8348;8321;-27
SC;Irati;2096;2069;-27
MG;Entre Folhas;5207;5179;-28
TO;Pindorama do Tocantins;4506;4478;-28
SP;Rubiácea;2729;2700;-29
RS;Colinas;2452;2423;-29
RN;Riacho de Santana;4156;4127;-29
PR;Arapuã;3557;3527;-30
PR;Nova Esperança;26615;26585;-30
MG;Casa Grande;2244;2214;-30
PR;Doutor Ulysses;5727;5697;-30
MG;Olaria;1976;1945;-31
MG;Vieiras;3731;3700;-31
MG;Águas Formosas;18479;18448;-31
PE;Calçado;11125;11093;-32
PA;Marapanim;26605;26573;-32
MS;Alcinópolis;4569;4537;-32
BA;Muquém do São Francisco;10475;10443;-32
PB;Poço Dantas;3863;3830;-33
RS;Mostardas;12124;12090;-34
RN;Água Nova;2980;2946;-34
MG;Glaucilândia;2962;2928;-34
PR;Guaporema;2226;2191;-35
SP;Magda;3200;3165;-35
SC;Leoberto Leal;3365;3330;-35
PR;Lidianópolis;3973;3938;-35
PI;Pavussu;3663;3628;-35
BA;Jacaraci;14473;14436;-37
GO;Cumari;2964;2927;-37
PR;Tunas do Paraná;6256;6219;-37
MG;Naque;6341;6303;-38
RS;Cerro Grande;2417;2379;-38
PB;Olivedos;3618;3580;-38
SC;Rio Rufino;2436;2397;-39
RN;Martins;8218;8179;-39
RN;Santo Antônio;22216;22177;-39
PB;Condado;6491;6451;-40
RN;Caiçara do Rio do Vento;3308;3268;-40
SP;Tabapuã;11363;11323;-40
RN;Serra de São Bento;5743;5703;-40
MA;Bacurituba;5293;5252;-41
TO;Itaporã do Tocantins;2445;2404;-41
PR;Sapopema;6736;6695;-41
MA;Feira Nova do Maranhão;8089;8048;-41
PI;Palmeira do Piauí;4993;4952;-41
MA;Paulo Ramos;20383;20341;-42
RN;Ipueira;2077;2035;-42
PI;São João da Serra;6157;6114;-43
RS;Montauri;1542;1499;-43
MG;São Francisco de Sales;5776;5732;-44
PR;Guamiranga;7900;7856;-44
MS;Camapuã;13628;13583;-45
MG;Piau;2841;2796;-45
SC;Presidente Castello Branco;1734;1689;-45
CE;Parambu;31491;31445;-46
GO;Mara Rosa;10746;10700;-46
CE;General Sampaio;6780;6734;-46
RS;Esperança do Sul;3272;3226;-46
PE;Macaparana;23925;23879;-46
RS;Paulo Bento;2191;2144;-47
SP;Avanhandava;11310;11263;-47
MG;Bertópolis;4498;4451;-47
MG;Conceição de Ipanema;4456;4409;-47
SP;Nantes;2707;2660;-47
RS;Faxinalzinho;2567;2520;-47
SC;Macieira;1826;1778;-48
RS;Santo Antônio do Palma;2139;2091;-48
RS;Alto Alegre;1848;1800;-48
TO;Ipueiras;1639;1590;-49
RS;Bozano;2200;2151;-49
MG;Carneirinho;9471;9422;-49
MA;Senador Alexandre Costa;10256;10207;-49
MG;Ingaí;2629;2580;-49
PI;Prata do Piauí;3092;3042;-50
MG;Aricanduva;4770;4719;-51
PI;Assunção do Piauí;7503;7452;-51
RN;Campo Redondo;10266;10215;-51
MA;Vitorino Freire;30897;30845;-52
SP;Lutécia;2714;2661;-53
RS;Soledade;30044;29991;-53
RS;Ernestina;3088;3034;-54
SP;Sandovalina;3699;3645;-54
SC;Major Vieira;7479;7425;-54
RN;Galinhos;2159;2104;-55
SC;Abdon Batista;2653;2598;-55
PB;Santa Helena;5920;5865;-55
RS;Maratá;2527;2470;-57
BA;Jitaúna;14413;14355;-58
PI;Pio IX;17671;17613;-58
RS;Sobradinho;14285;14226;-59
TO;Maurilândia do Tocantins;3154;3095;-59
MG;Santo Antônio do Amparo;17345;17285;-60
SC;São Bernardino;2744;2684;-60
SP;São Luiz do Paraitinga;10397;10337;-60
AM;Juruá;10802;10742;-60
RS;São José do Norte;25503;25443;-60
SC;São Bonifácio;3008;2946;-62
MG;Araçaí;2243;2181;-62
PR;Jataizinho;11875;11813;-62
SP;Nova Castilho;1125;1062;-63
SC;Frei Rogério;2474;2411;-63
MG;Soledade de Minas;5676;5613;-63
MG;Novo Oriente de Minas;10339;10275;-64
MA;Santa Quitéria do Maranhão;24021;23957;-64
SP;Barra do Chapéu;5244;5179;-65
SC;Major Gercino;3279;3214;-65
MG;Tabuleiro;4079;4014;-65
PI;Francisco Ayres;4477;4412;-65
RN;José da Penha;5868;5803;-65
PR;Jardim Olinda;1409;1343;-66
RS;Paverama;8044;7978;-66
SP;Cabrália Paulista;4365;4299;-66
RS;Santo Augusto;13968;13902;-66
MS;Miranda;25602;25536;-66
PB;Carrapateira;2378;2312;-66
SP;Oscar Bressane;2537;2470;-67
RS;Hulha Negra;6043;5976;-67
RS;Dois Irmãos das Missões;2157;2090;-67
MG;Passa Quatro;15582;15515;-67
MG;Santa Maria de Itabira;10552;10485;-67
RS;Espumoso;15240;15173;-67
GO;São Simão;17088;17020;-68
PI;Landri Sales;5281;5213;-68
BA;Araçás;11625;11557;-68
PR;Cafeara;2695;2627;-68
SP;Bento de Abreu;2674;2606;-68
PI;Monsenhor Gil;10324;10255;-69
SP;Dirce Reis;1689;1620;-69
TO;Santa Terezinha do Tocantins;2475;2406;-69
PR;Cruzeiro do Sul;4563;4494;-69
MG;Icaraí de Minas;10746;10677;-69
PI;Morro Cabeça no Tempo;4447;4377;-70
RS;São José do Ouro;6904;6834;-70
RJ;Carmo;17269;17198;-71
SP;Tarabai;6607;6536;-71
RS;Cotiporã;3917;3846;-71
MG;Veríssimo;3483;3411;-72
RJ;Rio Claro;17473;17401;-72
SC;Atalanta;3300;3227;-73
RS;Vila Lângaro;2152;2079;-73
SC;Águas de Chapecó;6110;6036;-74
CE;Altaneira;6856;6782;-74
PI;Morro do Chapéu do Piauí;6499;6425;-74
SP;Planalto;4463;4389;-74
PB;Tavares;14176;14101;-75
GO;Moiporá;1760;1685;-75
MG;Guidoval;7206;7131;-75
MA;Porto Rico do Maranhão;6030;5954;-76
GO;Mimoso de Goiás;2690;2614;-76
SP;Aguaí;32148;32072;-76
GO;Jaupaci;3000;2924;-76
PI;Riacho Frio;4241;4165;-76
PI;Juazeiro do Piauí;5290;5214;-76
GO;Palmelo;2335;2259;-76
PI;Campo Alegre do Fidalgo;4693;4616;-77
CE;Pacujá;6253;6175;-78
SC;Matos Costa;2839;2761;-78
GO;Aloândia;2051;1973;-78
PR;Arapoti;25855;25777;-78
PB;Gado Bravo;8258;8179;-79
SC;Guarujá do Sul;4908;4829;-79
MS;Corguinho;4862;4783;-79
SP;Sud Mennucci;7435;7355;-80
RS;André da Rocha;1216;1135;-81
BA;Fátima;17976;17895;-81
PB;Salgadinho;3436;3355;-81
PB;Nazarezinho;7284;7203;-81
MA;Lago dos Rodrigues;8840;8758;-82
SP;Nova Canaã Paulista;2114;2032;-82
RS;Aratiba;6565;6483;-82
MG;Ressaquinha;4630;4548;-82
SP;Clementina;7065;6982;-83
PR;Ariranha do Ivaí;2413;2329;-84
MG;Paiva;1558;1474;-84
PE;Itacuruba;4369;4284;-85
SP;Pongaí;3481;3395;-86
RS;Forquetinha;2479;2393;-86
MG;Piedade de Ponte Nova;4062;3976;-86
PI;Dom Inocêncio;9245;9159;-86
MG;Onça de Pitangui;3055;2969;-86
MT;Araguainha;1096;1010;-86
PR;Itaguajé;4568;4481;-87
SP;Espírito Santo do Turvo;4244;4157;-87
PB;Frei Martinho;2933;2846;-87
PR;Quinta do Sol;5088;5001;-87
MG;São João do Pacuí;4060;3972;-88
MA;Cedral;10297;10208;-89
RJ;Santa Maria Madalena;10321;10232;-89
PI;Caldeirão Grande do Piauí;5592;5503;-89
PR;Mirador;2327;2238;-89
MA;Tufilândia;5596;5507;-89
TO;Brasilândia do Tocantins;2064;1974;-90
MG;Nova Era;17528;17438;-90
PA;Igarapé-Açu;35887;35797;-90
SC;Ouro Verde;2271;2181;-90
PR;Rio Branco do Ivaí;3898;3808;-90
MA;Godofredo Viana;10276;10186;-90
PR;Iguatu;2234;2144;-90
MG;Queluzito;1861;1770;-91
PI;Lagoa de São Francisco;6422;6331;-91
RN;Jaçanã;7925;7834;-91
PR;Tapira;5836;5745;-91
PR;Maria Helena;5956;5865;-91
PR;Bom Sucesso do Sul;3293;3202;-91
PI;Jurema;4517;4425;-92
MG;Botelhos;14920;14828;-92
RS;Muliterno;1813;1721;-92
MG;Bom Sucesso;17243;17151;-92
SC;Riqueza;4860;4768;-92
SC;Ponte Alta do Norte;3303;3210;-93
SC;Lindóia do Sul;4642;4549;-93
MG;Caputira;9030;8936;-94
TO;Crixás do Tocantins;1564;1470;-94
BA;Rio de Contas;13278;13184;-94
PR;Boa Ventura de São Roque;6472;6378;-94
PR;Santa Inês;1842;1748;-94
RJ;Conceição de Macabu;21200;21104;-96
PB;Princesa Isabel;21210;21114;-96
GO;Anhanguera;1020;924;-96
MG;Oliveira Fortes;2123;2027;-96
SP;Populina;4223;4127;-96
GO;Uruana;13826;13729;-97
MG;Santana do Garambéu;2234;2137;-97
RS;Fortaleza dos Valos;4575;4477;-98
MG;Capitão Enéas;14206;14108;-98
RS;Almirante Tamandaré do Sul;2067;1969;-98
MG;Minduri;3840;3741;-99
MG;Campo do Meio;11476;11377;-99
RS;Marques de Souza;4068;3969;-99
MT;Rondolândia;3604;3505;-99
SP;Embaúba;2423;2323;-100
MG;Vargem Grande do Rio Pardo;4733;4633;-100
MG;Guapé;13872;13772;-100
PR;Jundiaí do Sul;3433;3333;-100
RN;Lagoa de Velhos;2668;2567;-101
ES;Vila Valério;13830;13728;-102
GO;Santa Rosa de Goiás;2922;2820;-102
RS;Vale Verde;3253;3150;-103
RS;Turuçu;3522;3419;-103
PI;São Miguel da Baixa Grande;2373;2269;-104
TO;Aurora do Tocantins;3446;3342;-104
PR;Enéas Marques;6103;5999;-104
RS;São Valério do Sul;2647;2543;-104
SC;Ibicaré;3373;3269;-104
PI;Jacobina do Piauí;5717;5613;-104
SC;Descanso;8634;8530;-104
PE;Correntes;17235;17131;-104
MG;Araponga;8152;8048;-104
SP;Sabino;5217;5112;-105
SE;Amparo do São Francisco;2275;2170;-105
MG;Piedade do Rio Grande;4709;4604;-105
TO;Talismã;2562;2456;-106
PB;Gurinhém;13872;13766;-106
CE;Banabuiú;17302;17195;-107
SP;Taquaral;2726;2619;-107
PI;São Julião;6132;6025;-107
AL;Belém;4829;4722;-107
SC;Novo Horizonte;2750;2643;-107
RS;Nova Pádua;2450;2343;-107
PR;Nova Aliança do Ivaí;1431;1323;-108
MG;José Raydan;4376;4268;-108
RS;Anta Gorda;6066;5957;-109
RS;Muitos Capões;2988;2879;-109
PR;Wenceslau Braz;19298;19188;-110
RN;Frutuoso Gomes;4233;4122;-111
RS;Novo Xingu;1757;1646;-111
RS;Monte Belo do Sul;2668;2557;-111
RS;Morrinhos do Sul;3182;3071;-111
PI;Nova Santa Rita;4187;4076;-111
SP;Turiúba;1930;1818;-112
PI;Paquetá;3925;3813;-112
RS;Santo Expedito do Sul;2461;2349;-112
MG;Santana do Deserto;3860;3747;-113
SP;Echaporã;6318;6205;-113
RN;São Bento do Trairí;3905;3792;-113
PB;Água Branca;9449;9335;-114
PB;Bom Jesus;2400;2286;-114
PB;Nova Palmeira;4373;4259;-114
TO;Carmolândia;2316;2201;-115
SP;Alvinlândia;3000;2885;-115
GO;Estrela do Norte;3320;3205;-115
MG;Congonhas do Norte;4946;4831;-115
RS;Sagrada Família;2595;2480;-115
AL;Coité do Nóia;10926;10810;-116
MG;Santa Helena de Minas;6055;5938;-117
MA;Graça Aranha;6140;6023;-117
MG;Dom Bosco;3814;3697;-117
PR;São Tomé;5349;5232;-117
SC;União do Oeste;2892;2774;-118
RS;Planalto;10524;10406;-118
BA;Elísio Medrado;7926;7808;-118
RS;Coronel Pilar;1725;1607;-118
SP;Areias;3696;3577;-119
ES;Alfredo Chaves;13955;13836;-119
RN;Bodó;2425;2306;-119
PR;Adrianópolis;6376;6256;-120
PR;Esperança Nova;1970;1849;-121
SC;Vidal Ramos;6310;6189;-121
PB;Parari;1842;1720;-122
MT;Tabaporã;9942;9818;-124
MG;Jequitinhonha;24131;24007;-124
SP;Catiguá;7127;7003;-124
MG;Quartel Geral;3303;3179;-124
MG;Tocos do Moji;3950;3826;-124
PI;Guaribas;4401;4276;-125
RS;Minas do Leão;7631;7505;-126
MA;Lima Campos;11423;11297;-126
AP;Amapá;8069;7943;-126
PI;Brejo do Piauí;4030;3904;-126
MG;Nova Módica;3790;3663;-127
MG;Pintópolis;7211;7084;-127
SC;Capão Alto;2753;2625;-128
SC;São Miguel da Boa Vista;1909;1781;-128
RN;Rafael Godeiro;3063;2934;-129
MG;Cedro do Abaeté;1210;1081;-129
RS;São Pedro das Missões;1886;1757;-129
TO;Figueirópolis;5340;5211;-129
PI;Jardim do Mulato;4309;4180;-129
PI;São Félix do Piauí;2972;2842;-130
MA;Pio XII;22016;21886;-130
RS;Chiapetta;4044;3913;-131
GO;Água Fria de Goiás;5085;4954;-131
RS;Arroio do Padre;2730;2599;-131
SP;Pontes Gestal;2518;2387;-131
RS;Novo Tiradentes;2277;2146;-131
SC;Bela Vista do Toldo;6004;5872;-132
TO;Pequizeiro;5054;4921;-133
MG;Antônio Prado de Minas;1671;1538;-133
MG;Santana de Cataguases;3622;3489;-133
PB;São João do Tigre;4396;4263;-133
RS;Santiago;49071;48938;-133
RS;Cristal do Sul;2826;2692;-134
MG;Carvalhos;4556;4422;-134
BA;Ibititá;17103;16969;-134
RS;Doutor Ricardo;2022;1888;-134
PB;Serra da Raiz;3228;3094;-134
SP;Itirapuã;5914;5779;-135
AL;Pindoba;2866;2731;-135
MG;Pedra do Anta;3446;3311;-135
RS;Pouso Novo;1875;1739;-136
SP;Pedrinhas Paulista;2940;2804;-136
PI;Alegrete do Piauí;4771;4634;-137
PR;Rio Bom;3334;3197;-137
GO;Santa Cruz de Goiás;3140;3002;-138
BA;Caém;10522;10384;-138
GO;Guarinos;2299;2161;-138
GO;Uirapuru;2936;2798;-138
SC;Painel;2353;2215;-138
RS;Tavares;5351;5212;-139
SC;Mondaí;10205;10066;-139
PI;Miguel Alves;32289;32150;-139
RS;Nova Bréscia;3184;3044;-140
SE;Ribeirópolis;17173;17033;-140
PR;Campina do Simão;4076;3936;-140
PI;Vila Nova do Piauí;3076;2935;-141
RS;Senador Salgado Filho;2814;2673;-141
MG;Itambé do Mato Dentro;2283;2142;-141
AL;Olho d'Água do Casado;8491;8349;-142
PE;Mirandiba;14308;14166;-142
PB;São José de Piranhas;19209;19067;-142
PR;Borrazópolis;7878;7735;-143
RN;Lucrécia;3633;3490;-143
MG;Felixlândia;14121;13978;-143
PR;Nova Londrina;13067;12923;-144
MG;Arapuá;2775;2631;-144
RS;Eugênio de Castro;2778;2633;-145
PR;Cruzeiro do Iguaçu;4278;4133;-145
RN;Serrinha;6581;6436;-145
AL;Jundiá;4237;4092;-145
MG;Cascalho Rico;2857;2712;-145
BA;Uibaí;13578;13432;-146
MG;Pedrinópolis;3490;3344;-146
MA;Anapurus;13939;13793;-146
RS;Condor;6552;6406;-146
PI;São Miguel do Fidalgo;2976;2829;-147
GO;Santa Isabel;3686;3538;-148
PE;Nazaré da Mata;30796;30648;-148
PI;Floresta do Piauí;2482;2333;-149
SC;Alto Bela Vista;2005;1856;-149
RN;Pedra Preta;2590;2441;-149
RJ;Porciúncula;17437;17288;-149
SC;Irineópolis;10434;10285;-149
PR;Alto Paraíso;3206;3055;-151
MG;Rio Preto;5292;5141;-151
RS;Pedras Altas;2212;2061;-151
RJ;Laje do Muriaé;7487;7336;-151
CE;Potiretama;6126;5974;-152
PB;Conceição;18412;18260;-152
RS;Canudos do Vale;1809;1656;-153
PR;Rosário do Ivaí;5588;5435;-153
CE;Chaval;12615;12462;-153
RS;Boa Vista do Incra;2425;2271;-154
GO;Davinópolis;2056;1902;-154
RS;Três Forquilhas;2914;2760;-154
GO;Jesúpolis;2278;2123;-155
GO;Água Limpa;2013;1858;-155
MG;São Pedro da União;5040;4885;-155
BA;Chorrochó;10734;10579;-155
MA;São Mateus do Maranhão;38985;38829;-156
GO;Santo Antônio da Barra;4423;4267;-156
TO;Palmeirante;4954;4798;-156
RS;Vespasiano Corrêa;1974;1818;-156
MG;Itaverava;5799;5642;-157
SC;Ipira;4735;4578;-157
CE;Jaguaruana;31859;31701;-158
PI;Agricolândia;5098;4940;-158
RO;Pimenteiras do Oeste;2315;2156;-159
PB;Mato Grosso;2702;2543;-159
MG;Belmiro Braga;3403;3244;-159
AM;Guajará;13974;13815;-159
RS;Coxilha;2826;2667;-159
TO;Chapada da Natividade;3277;3117;-160
SC;Palma Sola;7765;7605;-160
PR;Lindoeste;5335;5175;-160
SP;Óleo;2673;2512;-161
MG;Caparaó;5209;5048;-161
PI;Jatobá do Piauí;4656;4494;-162
SP;Ribeirão dos Índios;2187;2025;-162
RS;Travesseiro;2314;2152;-162
BA;Mirante;10349;10187;-162
SP;Arapeí;2493;2330;-163
AL;São Brás;6718;6555;-163
GO;Amaralina;3432;3268;-164
BA;Buritirama;19753;19589;-164
MT;Vale de São Domingos;3068;2904;-164
SE;Canhoba;3956;3791;-165
CE;Deputado Irapuan Pinheiro;9097;8932;-165
TO;Sucupira;1742;1577;-165
PB;Cuitegi;6895;6730;-165
PA;São Francisco do Pará;15060;14894;-166
MG;Passabém;1766;1600;-166
SP;Cruzália;2274;2108;-166
SP;Platina;3192;3025;-167
PE;Taquaritinga do Norte;24903;24736;-167
PI;Alto Longá;13646;13479;-167
PB;Livramento;7044;6877;-167
MG;Ibituruna;2866;2698;-168
PI;Arraial;4688;4520;-168
MA;Presidente Vargas;10717;10549;-168
PR;Virmond;3979;3811;-168
MG;Berizal;4370;4201;-169
PI;São João da Fronteira;5691;5522;-169
SP;Santa Maria da Serra;5413;5243;-170
PB;Monte Horebe;4508;4338;-170
SE;Siriri;8004;7834;-170
SC;São Domingos;9396;9226;-170
RN;Jardim de Angicos;2607;2437;-170
RS;São Domingos do Sul;2926;2754;-172
RS;Vista Alegre;2832;2660;-172
PI;Parnaguá;10276;10103;-173
TO;Jaú do Tocantins;3507;3334;-173
PB;Casserengue;7062;6889;-173
RN;Serra Negra do Norte;7770;7597;-173
GO;Guarani de Goiás;4258;4085;-173
RN;Francisco Dantas;2874;2700;-174
GO;Buritinópolis;3319;3145;-174
PR;Conselheiro Mairinck;3636;3461;-175
MG;Miraí;13808;13633;-175
MG;Consolação;1738;1563;-175
RS;Ponte Preta;1750;1575;-175
SP;Pedregulho;15700;15525;-175
SP;Júlio Mesquita;4430;4254;-176
PB;Manaíra;10610;10434;-176
TO;Pugmil;2369;2193;-176
RN;Rodolfo Fernandes;4418;4242;-176
PI;Santa Luz;5513;5336;-177
SP;Lourdes;2128;1950;-178
GO;Córrego do Ouro;2632;2454;-178
BA;Andorinha;15190;15012;-178
PB;Areia de Baraúnas;2183;2005;-178
PB;Santa Teresinha;4581;4402;-179
PB;Pilões;6995;6815;-180
SP;Novais;4592;4412;-180
GO;Adelândia;2477;2297;-180
RS;Dois Lajeados;3278;3097;-181
RS;Boa Vista das Missões;2114;1933;-181
RS;Guabiju;1598;1417;-181
PI;Santo Antônio de Lisboa;6020;5839;-181
PB;Vieirópolis;5045;4864;-181
RS;Morro Redondo;6227;6046;-181
RS;Cambará do Sul;6542;6361;-181
SP;Macaubal;7663;7481;-182
SP;Timburi;2646;2464;-182
AL;Roteiro;6656;6474;-182
MG;São Félix de Minas;3382;3200;-182
TO;São Sebastião do Tocantins;4283;4100;-183
SP;Restinga;6587;6404;-183
MG;Tapiraí;1873;1690;-183
RS;Ibiaçá;4710;4527;-183
PI;Pajeú do Piauí;3183;3000;-183
GO;Guaraíta;2372;2188;-184
RN;Almino Afonso;4871;4687;-184
CE;Granjeiro;5025;4841;-184
PE;Quixaba;6739;6554;-185
MA;Presidente Juscelino;11541;11356;-185
RN;Maxaranguape;10441;10255;-186
PR;Marilândia do Sul;8863;8677;-186
TO;Cachoeirinha;2148;1961;-187
MG;São Gonçalo do Abaeté;7562;7375;-187
MG;Lontra;8977;8790;-187
MG;Alpinópolis;18488;18300;-188
BA;Jeremoabo;37814;37626;-188
MG;Faria Lemos;3376;3188;-188
SE;Poço Verde;21983;21794;-189
PI;Sigefredo Pacheco;9649;9460;-189
PE;Itapetim;13980;13791;-189
MG;Porteirinha;37627;37438;-189
PI;Domingos Mourão;4264;4075;-189
ES;Mucurici;5655;5466;-189
RS;Muçum;4791;4601;-190
MG;Luislândia;6400;6210;-190
MG;Cachoeira Dourada;2505;2315;-190
SP;São Francisco;2793;2602;-191
MG;Monjolos;2360;2169;-191
RS;Independência;6618;6427;-191
PE;Canhotinho;24521;24329;-192
PR;Ourizona;3380;3187;-193
RO;São Miguel do Guaporé;21828;21635;-193
MG;Dores de Guanhães;5223;5029;-194
MG;Rio Novo;8712;8518;-194
RS;Tuparendi;8557;8363;-194
PI;Porto Alegre do Piauí;2559;2364;-195
BA;Ibipeba;16798;16603;-195
SP;Monções;2132;1937;-195
SE;Pedra Mole;2974;2778;-196
PI;Santa Cruz do Piauí;6027;5831;-196
ES;Iconha;12523;12326;-197
RS;Gaurama;5862;5665;-197
MG;Wenceslau Braz;2553;2356;-197
PR;Nova América da Colina;3478;3280;-198
PE;Jataúba;16042;15843;-199
GO;Itarumã;6300;6101;-199
GO;Nova Glória;8509;8310;-199
MG;Comendador Gomes;2972;2773;-199
RS;Tupanci do Sul;1573;1374;-199
PB;Dona Inês;10579;10380;-199
PE;Lagoa do Ouro;12132;11933;-199
MG;Senhora de Oliveira;5683;5483;-200
PE;Santa Cruz da Baixa Verde;11768;11567;-201
PR;Sertaneja;5817;5616;-201
BA;Aiquara;4648;4447;-201
MG;Alvinópolis;15261;15059;-202
PI;São João da Canabrava;4445;4242;-203
RS;Quevedos;2710;2507;-203
MG;São Vicente de Minas;7008;6804;-204
MG;Oliveira;39466;39262;-204
GO;Bonópolis;3503;3299;-204
RN;Passa e Fica;11100;10896;-204
MA;Sucupira do Norte;10444;10238;-206
PB;Cacimba de Areia;3498;3291;-207
SP;Torre de Pedra;2254;2046;-208
PI;Ribeira do Piauí;4263;4055;-208
TO;Colméia;9150;8941;-209
MG;Romaria;3596;3386;-210
SC;Santa Cecília;15757;15546;-211
BA;Milagres;11283;11071;-212
RJ;Bom Jesus do Itabapoana;35385;35173;-212
BA;Itapicuru;31891;31679;-212
RS;Boa Vista do Cadeado;2441;2229;-212
BA;Nazaré;27273;27060;-213
PB;Curral Velho;2505;2292;-213
BA;Itagibá;15523;15310;-213
MG;Argirita;2901;2688;-213
TO;Santa Maria do Tocantins;2894;2680;-214
PR;Xambrê;6012;5798;-214
MG;Piranga;17232;17018;-214
SP;Águas da Prata;7584;7369;-215
PR;Santa Mônica;3571;3356;-215
SC;Vargem;2843;2627;-216
MT;Glória D'Oeste;3121;2905;-216
SP;Rancharia;28804;28588;-216
GO;Heitoraí;3571;3354;-217
SP;Taiaçu;5894;5677;-217
GO;Paraúna;10876;10659;-217
SC;Vargem Bonita;4793;4576;-217
AL;Olivença;11029;10812;-217
TO;Goianorte;4956;4738;-218
MG;Ponto Chique;3966;3747;-219
MS;Novo Horizonte do Sul;4940;4721;-219
PB;Barra de Santana;8278;8059;-219
MG;Santo Antônio do Itambé;4135;3915;-220
SC;Monte Carlo;9337;9117;-220
CE;Arneiroz;7650;7429;-221
MG;Cantagalo;4195;3974;-221
SC;Barra Bonita;1889;1668;-221
MG;Coronel Pacheco;2983;2762;-221
PI;Wall Ferraz;4280;4059;-221
BA;Lagoa Real;14326;14105;-221
RS;Campinas do Sul;5506;5284;-222
MG;Goiabeira;3053;2830;-223
TO;Tupiratins;2097;1874;-223
GO;Formoso;4883;4660;-223
RS;Aceguá;4394;4170;-224
SP;São José do Barreiro;4077;3853;-224
SP;Casa Branca;28307;28083;-224
AL;São Sebastião;32010;31786;-224
BA;Ibiquera;3949;3725;-224
RS;Ipiranga do Sul;1944;1720;-224
PE;Terezinha;6737;6513;-224
RS;Jari;3573;3349;-224
PB;Juripiranga;10237;10012;-225
PB;São Domingos;2820;2595;-225
PA;São Caetano de Odivelas;16891;16666;-225
PB;Pitimbu;16976;16751;-225
RS;Vitória das Missões;3485;3260;-225
RS;Benjamin Constant do Sul;2307;2082;-225
BA;Itabela;28391;28165;-226
SC;Campo Belo do Sul;7483;7257;-226
GO;Panamá;2681;2455;-226
SP;Ribeira;3358;3132;-226
TO;Bernardo Sayão;4456;4229;-227
MA;Fortuna;17203;16976;-227
SE;Itabi;4972;4745;-227
MS;Batayporã;10939;10712;-227
RS;Santa Tereza;1732;1505;-227
TO;Novo Jardim;2457;2230;-227
RS;Ivorá;2156;1929;-227
MG;Formoso;8177;7949;-228
RS;Pejuçara;3973;3745;-228
MT;Salto do Céu;3908;3679;-229
PR;Rancho Alegre D'Oeste;2847;2618;-229
CE;Quixelô;16139;15910;-229
CE;Lavras da Mangabeira;31032;30802;-230
PR;Figueira;8293;8062;-231
RS;Engenho Velho;1527;1296;-231
TO;Riachinho;4191;3960;-231
MS;Santa Rita do Pardo;7259;7027;-232
RS;Bom Progresso;2328;2096;-232
RS;Erval Grande;5163;4930;-233
PA;Medicilândia;27328;27094;-234
PR;Santo Antônio do Caiuá;2727;2493;-234
PR;Iracema do Oeste;2578;2343;-235
MG;Cordislândia;3435;3200;-235
RS;Campina das Missões;6117;5882;-235
AP;Cutias;4696;4461;-235
RS;Caiçara;5071;4836;-235
PI;Cajazeiras do Piauí;3343;3108;-235
PB;São José dos Cordeiros;3646;3411;-235
MS;Rio Negro;5077;4841;-236
MT;Indiavaí;2449;2213;-236
BA;Coronel João Sá;17293;17056;-237
RS;Quatro Irmãos;1790;1552;-238
MG;Santa Rita de Jacutinga;4993;4755;-238
MG;São João Evangelista;15553;15315;-238
RS;Coqueiro Baixo;1528;1290;-238
RS;Humaitá;4919;4681;-238
GO;Palestina de Goiás;3371;3132;-239
RS;Carlos Gomes;1607;1368;-239
SP;Marabá Paulista;4812;4573;-239
PE;Serrita;18446;18207;-239
MG;Frei Gaspar;5879;5640;-239
BA;Gavião;4600;4360;-240
MG;São José do Goiabal;5636;5396;-240
GO;Novo Planalto;3956;3716;-240
MA;Mirinzal;14218;13978;-240
MG;Fernandes Tourinho;3030;2789;-241
RS;Relvado;2037;1796;-241
PI;Beneditinos;10170;9929;-241
CE;Graça;14042;13801;-241
RS;Cândido Godói;6535;6294;-241
PB;Serra Redonda;7070;6828;-242
PR;Corumbataí do Sul;4002;3760;-242
SE;Cedro de São João;5633;5391;-242
RN;Itaú;5564;5320;-244
RS;Centenário;2965;2721;-244
ES;Muniz Freire;18397;18153;-244
BA;Cardeal da Silva;8609;8365;-244
RS;Coqueiros do Sul;2457;2211;-246
TO;Natividade;9000;8754;-246
PR;Bela Vista do Paraíso;15079;14833;-246
GO;Mundo Novo;6435;6189;-246
MG;Andrelândia;12173;11927;-246
MG;Bandeira;4987;4741;-246
MG;Biquinhas;2630;2383;-247
MS;Brasilândia;11826;11579;-247
CE;Nova Russas;30947;30699;-248
PA;Chaves;21005;20757;-248
GO;Caiapônia;16762;16513;-249
MG;Morro da Garça;2660;2411;-249
PI;Dom Expedito Lopes;6569;6320;-249
SP;Dois Córregos;24761;24510;-251
MG;Córrego Novo;3127;2875;-252
AM;Anamã;10214;9962;-252
BA;Caravelas;20833;20580;-253
SP;Marinópolis;2113;1860;-253
SP;Iporanga;4299;4046;-253
PI;Hugo Napoleão;3771;3518;-253
PB;São Francisco;3391;3137;-254
MA;Igarapé Grande;10485;10231;-254
SP;Bananal;10223;9969;-254
GO;Americano do Brasil;5513;5259;-254
RS;Rolador;2546;2291;-255
PI;São Luis do Piauí;2564;2309;-255
RS;Gramado dos Loureiros;2269;2014;-255
MG;Papagaios;14175;13920;-255
RN;Porto do Mangue;5484;5228;-256
SP;Igaraçu do Tietê;23362;23106;-256
RS;Victor Graeff;3036;2780;-256
ES;Rio Novo do Sul;11325;11069;-256
SP;Motuca;4290;4034;-256
RS;Dilermando de Aguiar;3063;2806;-257
MT;Dom Aquino;8129;7872;-257
BA;Ribeira do Amparo;14098;13841;-257
MG;Cássia;17412;17155;-257
PR;Floraí;5050;4792;-258
RS;Inhacorá;2272;2014;-258
MG;Virginópolis;10572;10314;-258
MG;Ouro Verde de Minas;6016;5757;-259
PR;Nossa Senhora das Graças;3928;3669;-259
PB;Cuité;19978;19719;-259
SE;Carira;20199;19939;-260
PE;Cedro;10778;10518;-260
SP;Alto Alegre;4102;3841;-261
PR;Salgado Filho;4338;4075;-263
RS;Caibaté;4967;4704;-263
SP;Parapuã;10844;10580;-264
SE;São Miguel do Aleixo;3698;3434;-264
SC;Cerro Negro;3581;3317;-264
RS;Três Arroios;2855;2591;-264
RN;Severiano Melo;5752;5487;-265
SP;Flora Rica;1752;1487;-265
RS;Cacique Doble;4868;4603;-265
RS;São João da Urtiga;4726;4461;-265
BA;Lamarão;9281;9015;-266
PB;Lagoa;4681;4415;-266
MG;Morro do Pilar;3399;3133;-266
MG;Coqueiral;9289;9023;-266
SP;Riolândia;10575;10309;-266
MG;Lamim;3452;3184;-268
PI;São João da Varjota;4651;4383;-268
RS;Áurea;3665;3396;-269
MG;São José da Safira;4075;3806;-269
PI;Itainópolis;11059;10790;-269
MG;Alpercata;7172;6903;-269
SP;Floreal;3003;2733;-270
PR;Cruzmaltina;3162;2892;-270
MA;Nova Iorque;4590;4320;-270
SC;Iraceminha;4257;3986;-271
RS;Manoel Viana;7072;6801;-271
BA;Maiquinique;9004;8731;-273
SP;Piquerobi;3537;3264;-273
SP;Pirajuí;22704;22431;-273
RS;Nova Ramada;2437;2163;-274
CE;Santana do Cariri;17228;16954;-274
PI;Bocaina;4353;4078;-275
PI;Padre Marcos;6657;6382;-275
SP;Sete Barras;13005;12730;-275
MG;Monte Formoso;4656;4381;-275
PR;Curiúva;13923;13647;-276
MA;Gonçalves Dias;17482;17206;-276
MG;Varzelândia;19116;18840;-276
MA;Governador Luiz Rocha;7340;7063;-277
PR;Santa Cecília do Pavão;3642;3365;-277
PB;São Mamede;7748;7470;-278
BA;Érico Cardoso;10882;10604;-278
PR;Peabiru;13624;13346;-278
PI;Barro Duro;6919;6640;-279
PR;Santa Lúcia;3923;3644;-279
BA;Pé de Serra;13523;13243;-280
AL;Matriz de Camaragibe;24137;23857;-280
RN;Paraú;3859;3579;-280
SP;Pracinha;2858;2578;-280
MG;Santa Rita de Ibitipoca;3583;3301;-282
BA;Caraíbas;10222;9940;-282
MA;Itaipava do Grajaú;14110;13828;-282
PR;Santo Antônio do Paraíso;2408;2125;-283
PB;Nova Olinda;6070;5787;-283
ES;Itarana;10881;10597;-284
MG;Estrela Dalva;2470;2186;-284
TO;Itacajá;7104;6819;-285
MG;Angelândia;8003;7718;-285
GO;Mutunópolis;3849;3564;-285
AL;Junqueiro;24192;23907;-285
PR;Roncador;11537;11251;-286
PR;Ventania;9968;9681;-287
RS;Novo Cabrais;3855;3568;-287
SP;Divinolândia;11445;11158;-287
RN;Coronel Ezequiel;5405;5117;-288
PE;Passira;28628;28340;-288
PR;Lunardelli;5160;4872;-288
SP;Iacri;6419;6131;-288
PI;Eliseu Martins;4665;4377;-288
MG;Carmo da Cachoeira;11836;11547;-289
ES;Apiacá;7512;7223;-289
MG;Cambuquira;12602;12313;-289
RN;Pedro Velho;14114;13824;-290
PI;Coronel José Dias;4541;4250;-291
GO;Goiandira;5265;4973;-292
RS;Porto Vera Cruz;1852;1560;-292
BA;Tabocas do Brejo Velho;12271;11979;-292
PB;Fagundes;11341;11049;-292
RS;São Martinho;5773;5481;-292
RS;Colorado;3550;3258;-292
PE;São Vicente Férrer;16969;16677;-292
PB;Cajazeirinhas;3033;2740;-293
RS;Sete de Setembro;2124;1830;-294
RS;Saldanha Marinho;2869;2575;-294
TO;Angico;3170;2876;-294
BA;Riachão das Neves;21937;21642;-295
TO;Conceição do Tocantins;4182;3887;-295
RS;Jacutinga;3633;3338;-295
MG;São Francisco de Paula;6483;6187;-296
SE;Pinhão;5973;5677;-296
MG;Diogo de Vasconcelos;3848;3549;-299
SP;Pradópolis;17377;17078;-299
MA;São Félix de Balsas;4702;4402;-300
PE;Triunfo;15006;14705;-301
RS;São José do Herval;2204;1902;-302
RS;Ubiretama;2296;1994;-302
GO;Campos Belos;18410;18108;-302
PR;Ivatuba;3010;2708;-302
SP;Borborema;14529;14226;-303
MT;Canabrava do Norte;4788;4485;-303
PI;Tanque do Piauí;2620;2316;-304
MG;Dom Cavati;5209;4904;-305
RN;Bento Fernandes;5113;4807;-306
PB;Emas;3317;3011;-306
MA;Montes Altos;9413;9106;-307
RS;Barra do Rio Azul;2003;1696;-307
PI;São José do Divino;5148;4841;-307
RS;Sede Nova;3011;2704;-307
BA;Ibipitanga;14171;13863;-308
MS;Eldorado;11694;11386;-308
BA;São Domingos;8734;8426;-308
RS;Charqueadas;35320;35012;-308
SP;Turmalina;1978;1669;-309
SE;Gararu;11405;11096;-309
PR;Boa Esperança do Iguaçu;2764;2455;-309
PR;Fênix;4802;4492;-310
MS;Sonora;14827;14516;-311
PB;Duas Estradas;3638;3327;-311
PB;Santa Inês;3539;3227;-312
MG;Januária;65463;65150;-313
RS;Maçambará;4738;4425;-313
MA;Lagoa do Mato;10887;10572;-315
SP;Santa Adélia;14333;14018;-315
PE;Vertente do Lério;7873;7558;-315
GO;Teresina de Goiás;3016;2701;-315
MG;Camacho;3154;2838;-316
MG;Cana Verde;5589;5272;-317
PB;Diamante;6616;6299;-317
RS;União da Serra;1487;1170;-317
RS;Bom Jesus;11519;11202;-317
SE;Santo Amaro das Brotas;11410;11092;-318
BA;São Felipe;20601;20283;-318
PB;Santana de Mangueira;5328;5010;-318
RS;Jaboticaba;4098;3779;-319
TO;Nova Olinda;10686;10367;-319
MG;Santa Cruz do Escalvado;4992;4673;-319
RS;Ibiraiaras;7095;6776;-319
SP;Presidente Alves;4123;3804;-319
SC;Santa Terezinha do Progresso;2896;2576;-320
BA;Uauá;24985;24665;-320
PI;Santana do Piauí;4445;4125;-320
AL;Batalha;16769;16448;-321
PB;Catingueira;4812;4491;-321
AL;Palestina;4646;4325;-321
RS;Dona Francisca;3401;3079;-322
PR;Pinhão;30208;29886;-322
CE;Baixio;6026;5704;-322
BA;Pintadas;10649;10325;-324
MG;Mamonas;6321;5997;-324
PR;Jardim Alegre;12328;12004;-324
TO;Ponte Alta do Bom Jesus;4544;4220;-324
PR;São João do Caiuá;5911;5586;-325
MG;Santo Antônio do Retiro;6955;6629;-326
BA;Nova Ibiá;6827;6501;-326
RS;Pedro Osório;7811;7484;-327
GO;Israelândia;2887;2560;-327
AL;Messias;15733;15405;-328
CE;Ereré;6802;6474;-328
PI;Acauã;6749;6420;-329
SP;Luiziânia;5030;4701;-329
PI;Lagoa do Sítio;4850;4520;-330
PR;Uniflor;2466;2136;-330
MG;Itabirinha;10692;10362;-330
RN;Antônio Martins;6907;6577;-330
PB;Riachão;3258;2927;-331
PA;Garrafão do Norte;25034;24703;-331
MG;Itapecerica;21377;21046;-331
GO;Arenópolis;3277;2946;-331
MG;Mathias Lobato;3370;3038;-332
MG;Ipiaçu;4107;3775;-332
MG;Arceburgo;9509;9177;-332
GO;Trombas;3452;3120;-332
PR;Antônio Olinto;7351;7018;-333
SC;Saltinho;3966;3632;-334
MG;Bonfinópolis de Minas;5865;5528;-337
RS;Sério;2279;1941;-338
RS;Ibirapuitã;4061;3723;-338
SC;Anita Garibaldi;8623;8285;-338
TO;Fátima;3805;3467;-338
PR;Diamante do Sul;3510;3171;-339
MA;Primeira Cruz;13954;13614;-340
MG;Capitão Andrade;4925;4585;-340
MG;Cristiano Otoni;5007;4667;-340
SP;Ibirarema;6725;6385;-340
SC;Anchieta;6283;5943;-340
BA;Angical;14073;13732;-341
RS;São Martinho da Serra;3201;2860;-341
MG;Fronteira dos Vales;4687;4345;-342
RO;Castanheiras;3575;3233;-342
MA;Passagem Franca;17562;17220;-342
RS;São Vicente do Sul;8440;8097;-343
GO;Montividiu do Norte;4122;3779;-343
MG;São Geraldo do Baixio;3486;3143;-343
MG;Monte Santo de Minas;21234;20890;-344
TO;Dueré;4592;4248;-344
SC;Ouro;7376;7032;-344
MT;Jangada;7771;7426;-345
MG;Juramento;4113;3768;-345
MG;Antônio Dias;9565;9219;-346
MG;Gameleiras;5139;4793;-346
RS;Chuvisca;4944;4597;-347
TO;Recursolândia;3768;3421;-347
MT;Nova Guarita;4937;4590;-347
RS;Barra do Ribeiro;12572;12225;-347
MA;São João do Soter;17238;16889;-349
GO;Mossâmedes;5003;4654;-349
BA;Coribe;14339;13990;-349
PR;São Jorge do Ivaí;5517;5168;-349
PR;Manfrinópolis;3120;2770;-350
MG;Gouveia;11681;11331;-350
RS;Floriano Peixoto;2018;1668;-350
PR;Capitão Leônidas Marques;14998;14648;-350
MA;Icatu;25145;24794;-351
RS;Mariano Moro;2210;1858;-352
MG;Catas Altas da Noruega;3462;3110;-352
MG;Santana dos Montes;3822;3469;-353
MG;São Tomás de Aquino;7093;6740;-353
PE;Sairé;11240;10887;-353
MG;São Sebastião do Rio Preto;1613;1259;-354
MS;Jardim;24335;23981;-354
PI;Itaueira;10678;10323;-355
GO;Turvânia;4835;4480;-355
PI;Francisco Santos;8592;8237;-355
MG;Caranaíba;3288;2933;-355
CE;Cariré;17987;17632;-355
RS;Tucunduva;5898;5542;-356
BA;Santa Inês;10656;10300;-356
MG;São José do Jacuri;6553;6197;-356
SC;Galvão;3567;3210;-357
SP;General Salgado;10669;10312;-357
GO;Araguapaz;7510;7153;-357
RS;Vila Nova do Sul;4221;3863;-358
PR;Centenário do Sul;11190;10832;-358
TO;Arraias;10645;10287;-358
PI;Sebastião Barros;3560;3202;-358
RS;São José das Missões;2720;2362;-358
PI;Santa Cruz dos Milagres;3794;3435;-359
BA;Cícero Dantas;31266;30907;-359
RS;Dezesseis de Novembro;2866;2507;-359
SP;Caiabu;4072;3712;-360
MG;Francisco Dumont;4863;4503;-360
PR;Godoy Moreira;3337;2977;-360
SC;Brunópolis;2850;2489;-361
RS;David Canabarro;4683;4321;-362
MG;Santa Bárbara do Tugúrio;4570;4208;-362
MS;Caracol;5398;5036;-362
MG;Catuti;5102;4739;-363
SP;Altair;3815;3451;-364
SP;Aparecida d'Oeste;4450;4086;-364
GO;Baliza;3715;3351;-364
TO;Palmeirópolis;7339;6975;-364
PR;Tomazina;8791;8426;-365
RS;São Miguel das Missões;7421;7056;-365
RN;Sítio Novo;5020;4654;-366
SC;Lebon Régis;11838;11472;-366
MG;Veredinha;5549;5181;-368
RS;São Valentim;3632;3264;-368
BA;Valente;24730;24362;-368
SC;Bom Jardim da Serra;4395;4026;-369
RN;Marcelino Vieira;8265;7896;-369
MG;São José do Divino;3834;3464;-370
BA;Crisópolis;20099;19729;-370
PR;Reserva;24943;24573;-370
TO;Carrasco Bonito;3688;3318;-370
GO;Aurilândia;3654;3284;-370
SP;Jaborandi;6592;6221;-371
GO;Matrinchã;4414;4042;-372
SP;Lupércio;4353;3981;-372
PB;Bom Sucesso;5035;4661;-374
PR;Diamante do Norte;5516;5142;-374
BA;Antônio Cardoso;11521;11146;-375
BA;Ibirataia;19168;18792;-376
MG;Brás Pires;4637;4260;-377
PB;Pedra Lavrada;7236;6859;-377
PR;Mariluz;10224;9847;-377
PB;Aroeiras;19082;18705;-377
MT;Nova Canaã do Norte;12084;11707;-377
MG;São Francisco do Glória;5178;4800;-378
SP;Santópolis do Aguapeí;4277;3899;-378
AL;Jacaré dos Homens;5461;5083;-378
SP;Itapura;4357;3979;-378
PR;Terra Rica;15221;14842;-379
PR;Campo Bonito;4407;4027;-380
PI;Socorro do Piauí;4522;4141;-381
AL;Água Branca;19389;19008;-381
SC;Ponte Serrada;11031;10649;-382
MG;Corinto;23914;23532;-382
GO;São Miguel do Araguaia;22283;21900;-383
MG;Pai Pedro;5934;5551;-383
RS;Toropi;2938;2554;-384
MG;Ipuiúna;9521;9135;-386
PR;Guaraci;5135;4748;-387
ES;São Roque do Canaã;11273;10886;-387
MG;Felisburgo;6877;6489;-388
RS;Herveiras;2954;2565;-389
RN;Ruy Barbosa;3595;3206;-389
MG;Itamarati de Minas;4079;3690;-389
TO;Araguacema;6317;5927;-390
RN;Olho d'Água do Borges;4295;3905;-390
SC;Passos Maia;4425;4034;-391
MG;Novorizonte;4963;4571;-392
PI;Pimenteiras;11733;11341;-392
MG;Capela Nova;4755;4362;-393
MG;Santana do Jacaré;4607;4214;-393
SC;Coronel Martins;2458;2065;-393
PR;Paranapoema;2791;2398;-393
PR;Leópolis;4145;3752;-393
SC;Palmitos;16020;15626;-394
MG;Conceição da Barra de Minas;3954;3560;-394
PE;Ibirajuba;7534;7140;-394
PB;São José da Lagoa Tapada;7520;7126;-394
RS;Entre Rios do Sul;3080;2685;-395
GO;Nova Roma;3471;3076;-395
MG;Raul Soares;23818;23423;-395
PB;Cachoeira dos Índios;9546;9151;-395
RS;Redentora;10135;9738;-397
RS;Porto Mauá;2542;2142;-400
RN;São Rafael;8111;7711;-400
AL;Quebrangulo;11480;11080;-400
PB;Ibiara;6031;5631;-400
PI;Novo Oriente do Piauí;6498;6097;-401
MG;Pratápolis;8807;8406;-401
PB;Arara;12613;12212;-401
MG;Arinos;17674;17272;-402
SP;Mariápolis;3916;3513;-403
PI;São José do Peixe;3700;3297;-403
RN;Japi;5522;5117;-405
RS;Silveira Martins;2434;2028;-406
MG;Paineiras;4631;4224;-407
RS;Itapuca;2344;1937;-407
BA;Xique-Xique;45164;44757;-407
ES;Afonso Cláudio;31091;30684;-407
MG;Tumiritinga;6293;5886;-407
MG;Conceição do Rio Verde;12949;12541;-408
SP;Irapuã;7275;6867;-408
CE;Redenção;27622;27214;-408
TO;Nova Rosalândia;3770;3362;-408
PA;Irituia;31364;30955;-409
PR;Santa Amélia;3803;3394;-409
PI;Aroazes;5779;5369;-410
RS;Lagoa Bonita do Sul;2662;2251;-411
MA;Vitória do Mearim;31217;30805;-412
MG;Sem-Peixe;2847;2433;-414
RN;Taipu;11836;11422;-414
MG;Brazópolis;14661;14246;-415
BA;Lajedinho;3943;3527;-416
PR;Porto Amazonas;4514;4098;-416
PE;Camutanga;8168;7750;-418
CE;Abaiara;10456;10038;-418
BA;Caturama;9260;8841;-419
GO;Diorama;2481;2062;-419
PI;Isaías Coelho;8193;7774;-419
PE;Calumbi;5648;5228;-420
MA;Sucupira do Riachão;5406;4985;-421
MT;Feliz Natal;10942;10521;-421
MG;Baldim;7913;7492;-421
MG;Augusto de Lima;4960;4538;-422
PI;Regeneração;17556;17133;-423
PR;Marquinho;4928;4504;-424
MT;Porto Estrela;3649;3224;-425
MS;Jateí;4011;3586;-425
MG;São Miguel do Anta;6760;6334;-426
BA;Jiquiriçá;14055;13629;-426
MA;Duque Bacelar;10649;10223;-426
MS;Guia Lopes da Laguna;10366;9940;-426
RS;Mata;5125;4698;-427
SP;Glicério;4565;4138;-427
RO;Machadinho D'Oeste;31135;30707;-428
MG;Serra Azul de Minas;4220;3792;-428
RS;Estação;6011;5582;-429
MG;Jequeri;12848;12419;-429
AL;Minador do Negrão;5275;4845;-430
MG;Senhora do Porto;3497;3067;-430
MT;Novo Horizonte do Norte;3780;3349;-431
MG;Amparo do Serra;4972;4541;-431
MG;Córrego Danta;3391;2960;-431
MG;Abadia dos Dourados;6704;6272;-432
MG;Bias Fortes;3793;3361;-432
PI;Buriti dos Montes;7866;7434;-432
SP;Salesópolis;15635;15202;-433
PR;Farol;3472;3039;-433
RJ;Mendes;17935;17502;-433
RS;Braga;3702;3268;-434
PR;Flor da Serra do Sul;4798;4364;-434
SP;Cândido Mota;29884;29449;-435
TO;Centenário;2566;2131;-435
RN;Governador Dix-Sept Rosado;12374;11938;-436
RS;Severiano de Almeida;3842;3406;-436
AL;Piranhas;23045;22609;-436
PB;Mãe d'Água;4019;3583;-436
MA;Santa Filomena do Maranhão;7133;6697;-436
RN;Acari;11035;10597;-438
BA;Itanagra;6352;5914;-438
PI;Colônia do Piauí;7433;6994;-439
BA;Santana;25194;24755;-439
RS;Derrubadas;3190;2751;-439
MA;São Raimundo do Doca Bezerra;6090;5650;-440
RJ;Cantagalo;19830;19390;-440
AL;Feliz Deserto;4403;3963;-440
MT;Acorizal;5454;5014;-440
TO;Novo Alegre;2286;1846;-440
PR;Guaraqueçaba;7871;7430;-441
BA;Central;16789;16348;-441
BA;Santa Brígida;15407;14965;-442
BA;Lapão;26178;25736;-442
MG;Presidente Juscelino;3908;3465;-443
PR;Rancho Alegre;3955;3512;-443
MG;Pedras de Maria da Cruz;10876;10433;-443
MA;Buriti Bravo;22899;22455;-444
RS;Ronda Alta;10221;9777;-444
GO;Fazenda Nova;6322;5877;-445
PR;Mangueirinha;17048;16603;-445
GO;Pilar de Goiás;2773;2328;-445
MG;Santa Fé de Minas;3968;3522;-446
RS;Itacurubi;3441;2995;-446
MT;Tesouro;3472;3025;-447
RO;Primavera de Rondônia;3524;3076;-448
PR;Presidente Castelo Branco;4784;4336;-448
SP;Murutinga do Sul;4186;3737;-449
SP;Areiópolis;10579;10130;-449
MT;Reserva do Cabaçal;2572;2122;-450
PB;Igaracy;6099;5648;-451
PE;São Joaquim do Monte;20488;20037;-451
MG;Joaquim Felício;4305;3854;-451
SP;Santa Rosa de Viterbo;23862;23411;-451
PR;Inajá;2988;2536;-452
PR;Alto Piquiri;10179;9727;-452
GO;Divinópolis de Goiás;4909;4457;-452
SC;Água Doce;6961;6508;-453
AL;Tanque d'Arca;6249;5796;-453
BA;Laje;21505;21052;-453
AL;Pão de Açúcar;24277;23823;-454
RS;Unistalda;2450;1995;-455
PB;Brejo dos Santos;6198;5742;-456
SE;Pirambu;8369;7913;-456
SC;Ponte Alta;4894;4437;-457
SC;Monte Castelo;8194;7736;-458
PR;Porto Vitória;4020;3562;-458
RO;Seringueiras;11629;11171;-458
RN;Jardim do Seridó;12113;11655;-458
TO;Wanderlândia;10981;10522;-459
RN;São Pedro;6235;5776;-459
SP;Cardoso;11805;11345;-460
TO;Brejinho de Nazaré;5185;4725;-460
MG;Ponto dos Volantes;11345;10883;-462
RN;Equador;5822;5360;-462
PE;Itambé;35398;34935;-463
BA;Licínio de Almeida;12297;11834;-463
MG;Leme do Prado;4804;4341;-463
SP;Itaporanga;14549;14085;-464
RN;Riacho da Cruz;3165;2701;-464
PR;Ribeirão do Pinhal;13524;13060;-464
BA;Jussari;6353;5888;-465
PR;Paulo Frontin;6808;6343;-465
BA;Biritinga;15612;15146;-466
MG;São Pedro do Suaçuí;5570;5103;-467
RS;Jacuizinho;2507;2040;-467
AL;Mar Vermelho;3623;3155;-468
MG;Alvarenga;4444;3975;-469
PI;Campinas do Piauí;5408;4938;-470
PR;Diamante D'Oeste;5027;4557;-470
MG;Guaraciaba;10223;9753;-470
PB;Salgado de São Félix;11976;11505;-471
RJ;Vassouras;34447;33976;-471
PR;São José da Boa Vista;6511;6040;-471
CE;Mucambo;14138;13666;-472
GO;Cachoeira Dourada;8254;7782;-472
MA;Cajapió;10593;10121;-472
PI;Rio Grande do Piauí;6273;5801;-472
MT;Santo Afonso;2991;2519;-472
PB;Taperoá;14543;14068;-475
PI;Cristalândia do Piauí;7831;7356;-475
SP;Avaí;4959;4483;-476
PE;Moreilândia;11017;10540;-477
MG;Barra Longa;6143;5666;-477
BA;Ibiassucê;10908;10429;-479
GO;Hidrolina;4025;3545;-480
MT;Nortelândia;6436;5956;-480
PI;Palmeirais;13745;13264;-481
RS;Putinga;4229;3747;-482
ES;Ponto Belo;6979;6497;-482
MG;Periquito;7036;6553;-483
CE;Pereiro;15757;15274;-483
RS;Campo Novo;5459;4975;-484
GO;Santa Rita do Novo Destino;3173;2689;-484
RS;Jaquirana;4177;3690;-487
MG;Santa Cruz de Salinas;4397;3910;-487
RN;Pilões;3453;2965;-488
SC;Xavantina;4142;3653;-489
MG;Machacalis;6976;6487;-489
MG;Sardoá;5594;5104;-490
PB;Coremas;15174;14683;-491
PR;Foz do Jordão;5420;4926;-494
RS;Pirapó;2757;2260;-497
SP;Pindorama;15039;14542;-497
CE;Reriutaba;19103;18606;-497
PI;Santa Rosa do Piauí;5149;4650;-499
MG;Laranjal;6465;5963;-502
TO;Barrolândia;5349;4846;-503
MT;Araputanga;15290;14786;-504
BA;Várzea do Poço;8606;8101;-505
RS;Cruzaltense;2141;1635;-506
PI;Canavieira;3921;3414;-507
PR;São Jerônimo da Serra;11337;10830;-507
PI;Jaicós;18035;17527;-508
SP;Guzolândia;4754;4246;-508
MG;Divinolândia de Minas;7024;6516;-508
PR;Mamborê;13961;13452;-509
SE;Malhador;12042;11533;-509
MA;Humberto de Campos;26189;25680;-509
BA;Castro Alves;25222;24712;-510
SP;Auriflama;14202;13692;-510
BA;Firmino Alves;5384;4873;-511
RJ;Cambuci;15128;14616;-512
MG;Itacarambi;17720;17208;-512
MG;Ibiracatu;5594;5081;-513
SP;Dourado;8609;8096;-513
BA;Pedrão;6749;6235;-514
RN;Lajes;10381;9866;-515
RS;São Paulo das Missões;6364;5846;-518
BA;Condeúba;17571;17053;-518
PE;Poção;11019;10500;-519
BA;Bom Jesus da Serra;10249;9730;-519
BA;Ribeirão do Largo;10260;9740;-520
MT;Terra Nova do Norte;11136;10616;-520
GO;Vila Boa;4735;4215;-520
MG;Santo Hipólito;3238;2717;-521
RS;Lavras do Sul;7679;7157;-522
SC;Tangará;8665;8143;-522
PI;Alagoinha do Piauí;7341;6819;-522
PR;Abatiá;7764;7241;-523
SC;Porto União;33493;32970;-523
PB;Santa Cruz;6471;5947;-524
SC;Bom Retiro;8942;8418;-524
TO;Aliança do Tocantins;5671;5147;-524
TO;São Salvador do Tocantins;2910;2385;-525
MT;Rio Branco;5060;4535;-525
RN;João Dias;2601;2076;-525
RS;Barracão;5357;4831;-526
RS;Rondinha;5518;4991;-527
MG;Capetinga;7089;6562;-527
MG;Santa Maria do Salto;5284;4755;-529
MG;Paulistas;4918;4389;-529
RS;Miraguaí;4957;4427;-530
SP;Getulina;10765;10232;-533
PA;Brejo Grande do Araguaia;7317;6783;-534
BA;Teofilândia;21710;21176;-534
PE;Solidão;5744;5210;-534
RS;Ajuricaba;7255;6720;-535
RN;Coronel João Pessoa;4772;4237;-535
PB;Caiçara;7139;6602;-537
MG;Itaú de Minas;14945;14406;-539
MA;São José dos Basílios;7496;6957;-539
MG;Santana da Vargem;7231;6691;-540
RN;Luís Gomes;9610;9070;-540
AL;Belo Monte;6476;5936;-540
PR;Pérola d'Oeste;6761;6221;-540
BA;Candiba;13557;13016;-541
GO;Itaguaru;5446;4904;-542
RS;Viadutos;5311;4769;-542
BA;Itapé;10883;10341;-542
MG;Pavão;8589;8047;-542
SP;Promissão;35674;35131;-543
TO;Pau D'Arco;4588;4043;-545
ES;Itaguaçu;14134;13589;-545
RS;Garruchos;3234;2688;-546
PB;Boa Ventura;5756;5207;-549
PR;Nova Tebas;7398;6848;-550
BA;Apuarema;7463;6913;-550
PR;Mato Rico;3818;3267;-551
PR;Porto Barreiro;3663;3110;-553
BA;Mortugaba;11696;11143;-553
PB;Araçagi;17199;16646;-553
RN;Ielmo Marinho;12171;11615;-556
RS;Estrela Velha;3628;3070;-558
SP;Itápolis;40051;39493;-558
MG;Pescador;4128;3570;-558
PB;Umbuzeiro;9682;9124;-558
GO;Portelândia;3839;3280;-559
GO;Gouvelândia;4949;4390;-559
SE;Arauá;10878;10318;-560
RS;Pontão;3857;3296;-561
MG;Santa Efigênia de Minas;4600;4039;-561
RS;Herval;6753;6191;-562
PR;Bituruna;16096;15533;-563
MA;Miranda do Norte;24427;23864;-563
PR;São Sebastião da Amoreira;8626;8063;-563
RS;Camaquã;62764;62200;-564
MG;Miravânia;4549;3985;-564
SP;Riversul;6163;5599;-564
SC;São José do Cerrito;9273;8708;-565
PB;Bonito de Santa Fé;10818;10252;-566
MG;Senador Modestino Gonçalves;4574;4008;-566
BA;Morpará;8563;7996;-567
MG;Santa Rita de Caldas;9027;8460;-567
MG;São Sebastião do Maranhão;10647;10079;-568
SE;Porto da Folha;27146;26576;-570
BA;Cotegipe;13636;13063;-573
BA;Vereda;6576;6003;-573
MG;Montezuma;7464;6888;-576
MG;Mantena;27111;26535;-576
MG;Rio do Prado;5217;4639;-578
PE;São José do Egito;31582;31004;-578
PE;Cabrobó;30873;30294;-579
RN;Umarizal;10659;10078;-581
PR;Goioerê;29018;28437;-581
MG;Nova Belém;3732;3151;-581
PE;Jaboatão dos Guararapes;644620;644037;-583
MG;José Gonçalves de Minas;4553;3969;-584
BA;Manoel Vitorino;14445;13860;-585
GO;Rianápolis;4566;3980;-586
MG;Braúnas;5030;4441;-589
SC;Rio Negrinho;39851;39261;-590
PA;Palestina do Pará;7475;6885;-590
BA;Serra Dourada;17656;17066;-590
MG;União de Minas;4418;3828;-590
ES;Boa Esperança;14199;13608;-591
TO;Aragominas;5882;5290;-592
PB;Juru;9826;9234;-592
SP;Vera Cruz;10769;10176;-593
RS;Cerrito;6402;5808;-594
CE;Pacoti;11780;11186;-594
MG;Candeias;14595;14001;-594
RS;Iraí;8078;7482;-596
CE;Morada Nova;62041;61443;-598
RN;Janduís;5345;4746;-599
MT;Figueirópolis D'Oeste;3787;3187;-600
MG;Central de Minas;6772;6171;-601
RS;Formigueiro;7014;6413;-601
PB;Aguiar;5604;5003;-601
GO;Amorinópolis;3608;3007;-601
SP;Terra Roxa;8505;7904;-601
SE;Pacatuba;13105;12502;-603
MG;Riacho dos Machados;9360;8756;-604
SP;Nova Luzitânia;3441;2837;-604
MG;Estrela do Sul;7446;6840;-606
SP;Apiaí;25191;24585;-606
PB;Solânea;27380;26774;-606
SE;Riachuelo;9355;8748;-607
MG;Claro dos Poções;7775;7166;-609
GO;Bom Jardim de Goiás;8435;7826;-609
MG;Liberdade;5346;4737;-609
RS;São Nicolau;5727;5118;-609
MT;Marcelândia;12006;11396;-610
PE;Barreiros;40732;40121;-611
MG;Paula Cândido;9271;8659;-612
RS;Paim Filho;4243;3629;-614
MT;Colniza;26381;25766;-615
RS;Ipê;6018;5399;-619
RS;Porto Xavier;10558;9938;-620
AL;Olho d'Água Grande;4950;4330;-620
RS;Vicente Dutra;5285;4665;-620
MG;Fortaleza de Minas;4098;3477;-621
SE;Maruim;16343;15719;-624
BA;Ouriçangas;8340;7716;-624
RS;Roque Gonzales;7203;6576;-627
MG;Volta Grande;5070;4443;-627
PR;Tuneiras do Oeste;8695;8067;-628
BA;Cordeiros;8174;7546;-628
MG;Palmópolis;6931;6301;-630
MT;Poconé;31848;31217;-631
SP;Gália;7011;6380;-631
RO;Teixeirópolis;4888;4256;-632
MG;Materlândia;4595;3963;-632
PE;Barra de Guabiraba;12896;12263;-633
TO;Presidente Kennedy;3681;3047;-634
SP;Cajobi;9768;9133;-635
PR;Nova Cantu;7425;6790;-635
BA;Jucuruçu;10290;9655;-635
MG;Capinópolis;15290;14655;-635
MG;Carbonita;9148;8512;-636
MG;Pocrane;8986;8350;-636
BA;Esplanada;33191;32554;-637
MA;Joselândia;15561;14924;-637
TO;Piraquê;2920;2282;-638
BA;Sátiro Dias;16646;16008;-638
MG;Cristália;5760;5121;-639
MG;Campanário;3564;2923;-641
MG;Rio Espera;6070;5429;-641
PR;Luiziana;7332;6690;-642
RS;Alegria;4294;3651;-643
MA;Lago Verde;15412;14769;-643
PA;Abel Figueiredo;6780;6136;-644
MG;Mato Verde;12684;12038;-646
BA;Planaltino;8670;8022;-648
RS;Ibarama;4380;3732;-648
MG;Caxambu;21705;21056;-649
BA;Brejolândia;9757;9108;-649
AC;Plácido de Castro;17209;16560;-649
RS;Arroio do Tigre;12708;12058;-650
ES;Muqui;14396;13745;-651
RS;Catuípe;9325;8674;-651
MT;Lambari D'Oeste;5441;4790;-651
RS;Cerro Branco;4454;3802;-652
GO;Castelândia;3638;2985;-653
TO;Araguaçu;8786;8133;-653
PI;Canto do Buriti;20020;19365;-655
PR;Quarto Centenário;4856;4201;-655
SE;Japaratuba;16864;16209;-655
MG;Coração de Jesus;26033;25377;-656
GO;Goiás;24727;24071;-656
PI;Nazaré do Piauí;7321;6665;-656
PE;Frei Miguelinho;14293;13636;-657
PA;Santa Maria das Barreiras;17206;16548;-658
SP;Maracaí;13332;12673;-659
PR;Janiópolis;6532;5870;-662
MG;Itinga;14407;13745;-662
MT;Nova Brasilândia;4597;3932;-665
TO;Aguiarnópolis;5162;4497;-665
RS;Pinhal Grande;4471;3805;-666
RS;Gramado Xavier;3970;3304;-666
MA;Aldeias Altas;23952;23286;-666
SP;Boa Esperança do Sul;13645;12978;-667
MG;Espinosa;31113;30443;-670
AL;Senador Rui Palmeira;12974;12303;-671
PB;Mulungu;9463;8791;-672
BA;América Dourada;15810;15137;-673
CE;Umari;7545;6871;-674
PR;Cambará;23886;23212;-674
MG;Verdelândia;8346;7672;-674
SP;Rinópolis;9935;9259;-676
MT;Carlinda;11011;10332;-679
PE;Bodocó;35158;34478;-680
SP;Palmeira d'Oeste;9584;8903;-681
RS;Agudo;16722;16041;-681
PR;Amaporã;5443;4762;-681
PI;Ribeiro Gonçalves;6845;6164;-681
MG;Vargem Alegre;6461;5780;-681
MA;Olho d'Água das Cunhãs;18601;17919;-682
GO;Itajá;5062;4380;-682
SP;Tejupá;4809;4127;-682
CE;Jaguaribe;34409;33726;-683
PR;Ivaté;7514;6831;-683
RO;Parecis;4810;4125;-685
PI;Patos do Piauí;6110;5425;-685
MT;São José do Povo;3561;2875;-686
MG;Presidente Bernardes;5537;4850;-687
PR;Três Barras do Paraná;11824;11135;-689
PA;Nova Ipixuna;14645;13955;-690
MG;Gonzaga;5921;5230;-691
MG;Nova Porteirinha;7398;6706;-692
MG;Sobrália;5830;5137;-693
PR;Paranacity;10250;9557;-693
MG;Frei Inocêncio;8920;8226;-694
MG;Nacip Raydan;3154;2459;-695
PB;Santana dos Garrotes;7266;6569;-697
MG;Cuparaque;4680;3983;-697
PE;Iguaracy;11779;11081;-698
RS;Guarani das Missões;8115;7415;-700
PB;Belém;17101;16401;-700
CE;Assaré;22398;21697;-701
SC;Santa Terezinha;8767;8066;-701
GO;Santa Tereza de Goiás;3995;3293;-702
CE;Jaguaretama;17934;17232;-702
RS;Charrua;3471;2768;-703
SP;Irapuru;7789;7085;-704
PR;São Pedro do Iguaçu;6491;5784;-707
MG;Botumirim;6497;5790;-707
MG;Pedralva;11467;10760;-707
MT;Barão de Melgaço;7961;7253;-708
GO;Petrolina de Goiás;10281;9573;-708
BA;São José da Vitória;6024;5315;-709
PA;Santa Cruz do Arari;8155;7445;-710
MT;Castanheira;8219;7506;-713
RS;Tunas;4395;3681;-714
RS;Encruzilhada do Sul;24534;23819;-715
MG;Nepomuceno;25733;25018;-715
PR;Altamira do Paraná;4306;3590;-716
PB;São José de Espinharas;4800;4083;-717
MG;Ataléia;14455;13736;-719
TO;Araguanã;5030;4310;-720
BA;Jussiape;8099;7379;-720
RS;Maximiliano de Almeida;4911;4191;-720
RS;Santa Bárbara do Sul;8843;8122;-721
SP;Coronel Macedo;5001;4280;-721
MA;Peritoró;21201;20479;-722
MG;Carmo do Paranaíba;29735;29011;-724
MG;Mendes Pimentel;6331;5606;-725
TO;Lizarda;3725;2999;-726
RS;Novo Machado;3925;3198;-727
MG;Itanhomi;11856;11128;-728
BA;Aramari;10561;9833;-728
MG;Galiléia;6951;6222;-729
BA;Itaguaçu da Bahia;13041;12311;-730
PI;Francinópolis;5235;4505;-730
PR;Andirá;20610;19878;-732
CE;Apuiarés;13661;12928;-733
RN;Tangará;14016;13281;-735
AL;Girau do Ponciano;36837;36102;-735
MG;Itacambira;4988;4252;-736
PR;Teixeira Soares;10283;9547;-736
CE;Choró;12853;12113;-740
MG;Patis;5579;4837;-742
AL;Jaramataia;5727;4985;-742
MT;Nova Maringá;6590;5846;-744
MG;Estrela do Indaiá;3516;2772;-744
BA;Paratinga;29998;29252;-746
PB;Borborema;4962;4214;-748
MG;Salto da Divisa;6859;6110;-749
BA;Lajedo do Tabocal;8244;7494;-750
PR;Primeiro de Maio;10832;10082;-750
RS;Sertão;6294;5541;-753
PR;Reserva do Iguaçu;7307;6553;-754
BA;Ibitiara;15392;14637;-755
RS;Nova Palma;6342;5586;-756
MG;Barão de Monte Alto;5720;4964;-756
PR;Vera Cruz do Oeste;8973;8215;-758
MG;Divino das Laranjeiras;4937;4178;-759
RO;São Felipe D'Oeste;6018;5258;-760
PR;Laranjal;6360;5600;-760
GO;Simolândia;6507;5742;-765
BA;Macururé;8021;7256;-765
MG;Franciscópolis;5800;5034;-766
MA;Marajá do Sena;7794;7027;-767
MG;Engenheiro Navarro;7122;6354;-768
BA;Cândido Sales;26015;25247;-768
MG;Manhumirim;21382;20613;-769
MG;Jampruca;5067;4296;-771
PE;Betânia;12003;11232;-771
RS;Ciríaco;4922;4149;-773
MG;Padre Carvalho;5834;5058;-776
SP;São José da Bela Vista;8406;7626;-780
SP;Monte Azul Paulista;18931;18151;-780
MG;Guarará;3929;3149;-780
RS;Rio dos Índios;3616;2835;-781
BA;Acajutiba;14577;13795;-782
MG;Crisólita;6047;5265;-782
PI;Fronteiras;11042;10259;-783
AM;Rio Preto da Eva;25719;24936;-783
CE;Coreaú;21738;20953;-785
RS;São Pedro do Sul;16368;15577;-791
SP;Santos;419400;418608;-792
CE;Aratuba;12016;11224;-792
MA;Central do Maranhão;7887;7094;-793
TO;Filadélfia;8505;7712;-793
BA;Palmas de Monte Alto;20872;20078;-794
PE;Casinhas;13766;12967;-799
PR;Antonina;18891;18091;-800
MA;Cidelândia;13681;12878;-803
MG;São João do Oriente;7874;7070;-804
BA;Teodoro Sampaio;7914;7110;-804
PR;Cerro Azul;16938;16134;-804
BA;Itagimirim;7154;6347;-807
RN;Venha-Ver;3821;3014;-807
SP;Mineiros do Tietê;12038;11230;-808
BA;Oliveira dos Brejinhos;21524;20715;-809
PB;Nova Floresta;10533;9724;-809
MT;Novo Mundo;7332;6520;-812
SC;Romelândia;5637;4823;-814
RS;Marcelino Ramos;5134;4320;-814
BA;Macajuba;11268;10454;-814
RO;Alto Paraíso;17135;16320;-815
SP;Campos do Jordão;47789;46974;-815
BA;Barra do Rocha;6591;5775;-816
RS;Paraíso do Sul;7336;6519;-817
BA;Cravolândia;5233;4415;-818
BA;São Miguel das Matas;11155;10334;-821
BA;Planalto;24156;23334;-822
RS;Progresso;6163;5340;-823
MT;Porto Esperidião;11031;10204;-827
GO;Itauçu;8563;7736;-827
RN;Santana do Matos;13284;12456;-828
MG;Bom Jesus do Galho;15364;14536;-828
MG;Rio Pardo de Minas;29099;28271;-828
MG;Canápolis;11436;10608;-828
PE;São Benedito do Sul;13941;13113;-828
TO;Dois Irmãos do Tocantins;7161;6327;-834
RS;General Câmara;8447;7612;-835
CE;Madalena;17731;16896;-835
PA;São João da Ponta;5265;4430;-835
MA;Lago do Junco;10343;9506;-837
MG;Palma;6545;5707;-838
RJ;Engenheiro Paulo de Frontin;13080;12242;-838
BA;Rio do Pires;11336;10497;-839
MS;Anaurilândia;8493;7653;-840
BA;Matina;11171;10330;-841
ES;Mantenópolis;13612;12770;-842
RS;Doutor Maurício Cardoso;5313;4470;-843
PE;Santa Terezinha;11089;10244;-845
BA;Irajuba;6946;6101;-845
PR;Guaraniaçu;14582;13735;-847
MA;Amarante do Maranhão;37932;37085;-847
BA;Morro do Chapéu;34441;33594;-847
AL;Paulo Jacinto;7426;6576;-850
PR;Itambaracá;6759;5908;-851
CE;Aurora;24566;23714;-852
SP;Barra do Turvo;7729;6876;-853
RN;São Tomé;10827;9972;-855
TO;Itaguatins;6029;5172;-857
PR;São João do Ivaí;11525;10667;-858
PB;Cacimba de Dentro;16923;16064;-859
BA;Cabaceiras do Paraguaçu;17420;16559;-861
MG;Coluna;9024;8163;-861
TO;Cristalândia;7234;6371;-863
PA;Nova Timboteua;13670;12806;-864
BA;Capela do Alto Alegre;11609;10744;-865
SP;Pereira Barreto;24962;24095;-867
TO;Palmeiras do Tocantins;5740;4872;-868
MG;Medina;21026;20156;-870
PE;Bom Jardim;38500;37629;-871
PB;Olho d'Água;6931;6060;-871
BA;Nilo Peçanha;12935;12063;-872
SP;Nhandeara;10725;9852;-873
PB;Belém do Brejo do Cruz;7143;6268;-875
PR;Braganey;5735;4854;-881
BA;Heliópolis;13192;12309;-883
BA;Taperoá;18928;18044;-884
PA;Quatipuru;12411;11524;-887
CE;Itapiúna;18732;17841;-891
RS;Lagoão;6233;5341;-892
PE;Jurema;14541;13648;-893
RS;Taquari;26092;25198;-894
BA;Banzaê;12854;11958;-896
RS;Jaguari;11475;10579;-896
MA;Vila Nova dos Martírios;11258;10362;-896
CE;Araripe;20679;19783;-896
SE;Boquim;25533;24636;-897
SP;Barra Bonita;35246;34346;-900
SP;São Simão;14346;13442;-904
BA;Urandi;16260;15355;-905
PI;Elesbão Veloso;14512;13607;-905
PI;São Francisco do Piauí;6298;5392;-906
RS;Alpestre;8027;7117;-910
RS;Santo Antônio das Missões;11210;10300;-910
MA;São João do Paraíso;10814;9904;-910
PR;Bandeirantes;32184;31273;-911
RS;Arroio Grande;18470;17558;-912
MG;Lagoa dos Patos;4225;3313;-912
BA;Mirangaba;16649;15734;-915
BA;Aporá;16838;15922;-916
MG;Coronel Murta;9117;8200;-917
SP;Tapiratiba;12737;11816;-921
PR;Nova Fátima;8147;7225;-922
RS;Alecrim;7045;6123;-922
BA;Iramaia;11675;10752;-923
SP;Severínia;15501;14576;-925
MG;Manga;19813;18886;-927
SP;Guapiara;17998;17071;-927
MG;Tombos;9537;8609;-928
MG;Guiricema;8707;7778;-929
RN;Pedro Avelino;7171;6242;-929
BA;Itaparica;20725;19789;-936
GO;Doverlândia;7892;6956;-936
MG;Josenópolis;4566;3630;-936
PR;Goioxim;7503;6566;-937
PA;Conceição do Araguaia;45557;44617;-940
SP;Gastão Vidigal;4193;3252;-941
MG;Gurinhatã;6137;5192;-945
SP;Ariranha;8547;7602;-945
PB;São José de Princesa;4364;3416;-948
SP;Barbosa;6593;5640;-953
AL;Maravilha;10490;9534;-956
RN;Patu;11964;11007;-957
AL;Passo de Camaragibe;14763;13804;-959
PB;Imaculada;11352;10392;-960
MA;Altamira do Maranhão;7407;6447;-960
RO;Cabixi;6313;5351;-962
BA;Malhada;16361;15398;-963
RS;Itatiba do Sul;4171;3208;-963
MG;Guarani;8678;7714;-964
MG;Cipotânea;6547;5581;-966
MG;Barbacena;126284;125317;-967
TO;Xambioá;11484;10517;-967
MG;Setubinha;10885;9917;-968
MG;Lagamar;7600;6631;-969
BA;Pindaí;15700;14731;-969
SP;Tambaú;22406;21435;-971
RS;Restinga Sêca;15911;14939;-972
PE;Belém de Maria;11353;10378;-975
PE;Sertânia;33787;32811;-976
MT;Juruena;11190;10213;-977
MG;Santana de Pirapama;8009;7030;-979
AL;Branquinha;10583;9603;-980
CE;Ibaretama;12939;11956;-983
PR;Grandes Rios;6625;5641;-984
MG;Indaiabira;7330;6346;-984
BA;Amélia Rodrigues;25125;24138;-987
PB;Pirpirituba;10327;9340;-987
BA;Iaçu;25595;24607;-988
MG;Ibiá;23218;22229;-989
ES;Conceição da Barra;28449;27458;-991
RO;Cujubim;15854;14863;-991
SP;Guaraçaí;8435;7441;-994
RS;Bossoroca;6884;5890;-994
RS;Liberato Salzano;5780;4781;-999
GO;Santa Rita do Araguaia;6924;5924;-1000
MG;Rio Vermelho;13645;12641;-1004
PI;Massapê do Piauí;6222;5218;-1004
MG;Machado;38688;37684;-1004
SP;Garça;43115;42110;-1005
PA;Bonito;13630;12622;-1008
SP;Miguelópolis;20451;19441;-1010
PR;Honório Serpa;5955;4941;-1014
BA;Presidente Jânio Quadros;13635;12621;-1014
GO;Campos Verdes;5020;4005;-1015
PA;Ponta de Pedras;25999;24984;-1015
MG;Jenipapo de Minas;7116;6100;-1016
BA;Mascote;14562;13544;-1018
TO;Monte do Carmo;6716;5694;-1022
MG;Mesquita;6069;5040;-1029
GO;Monte Alegre de Goiás;7730;6692;-1038
BA;Ubaíra;19664;18626;-1038
BA;Barro Preto;6873;5833;-1040
TO;Taguatinga;15051;14011;-1040
CE;Hidrolândia;18896;17855;-1041
RS;Segredo;7050;6009;-1041
RS;Amaral Ferrador;6353;5310;-1043
PR;Querência do Norte;11729;10685;-1044
BA;Jandaíra;10331;9285;-1046
RO;Costa Marques;13678;12627;-1051
RS;Porto Lucena;5413;4360;-1053
MG;Joaíma;14941;13888;-1053
SP;São Manuel;38342;37289;-1053
AL;Major Isidoro;18753;17700;-1053
MA;Jatobá;8526;7471;-1055
MG;Carangola;32296;31240;-1056
BA;Itambé;25450;24394;-1056
SP;Conchas;16288;15232;-1056
PB;São José de Caiana;6094;5034;-1060
RS;Giruá;17075;16013;-1062
BA;Candeal;8837;7772;-1065
PR;Uraí;11472;10406;-1066
MG;São Francisco;53828;52762;-1066
MS;Iguatemi;14875;13808;-1067
TO;Peixe;10384;9317;-1067
SP;Santa Cruz das Palmeiras;29932;28864;-1068
CE;Tarrafas;8597;7529;-1068
MA;Campestre do Maranhão;13369;12301;-1068
MG;Matias Cardoso;9964;8895;-1069
PE;Orobó;22878;21808;-1070
SE;Riachão do Dantas;19386;18313;-1073
SC;Fraiburgo;34556;33481;-1075
RS;Erval Seco;7863;6787;-1076
CE;Ipueiras;37876;36798;-1078
BA;Sebastião Laranjeiras;10444;9360;-1084
MG;São Geraldo da Piedade;4389;3305;-1084
MS;Nioaque;14304;13220;-1084
CE;Senador Pompeu;25350;24266;-1084
MS;Pedro Gomes;8026;6941;-1085
BA;Almadina;6304;5218;-1086
TO;Almas;7586;6499;-1087
AL;Dois Riachos;10894;9805;-1089
MA;Bequimão;20674;19584;-1090
RS;Cerro Grande do Sul;10268;9178;-1090
MG;Jacinto;12134;11042;-1092
MA;Santana do Maranhão;11661;10567;-1094
MA;Cururupu;32652;31558;-1094
CE;Alto Santo;15250;14155;-1095
MG;Joanésia;5425;4329;-1096
SP;Santa Lúcia;8248;7149;-1099
MA;Rosário;39576;38475;-1101
AL;Campo Grande;9244;8143;-1101
MG;Virgolândia;5658;4552;-1106
RS;São Jerônimo;22134;21028;-1106
PB;Areia;23742;22633;-1109
SP;Jacupiranga;17208;16097;-1111
RS;Palmeira das Missões;34328;33216;-1112
MA;Alto Alegre do Maranhão;25164;24048;-1116
BA;Igrapiúna;14270;13151;-1119
MG;Cordisburgo;8667;7547;-1120
RS;São Lourenço do Sul;43111;41989;-1122
MG;Grão Mogol;15024;13901;-1123
SP;Ituverava;38695;37571;-1124
RS;Barão do Triunfo;7018;5889;-1129
BA;Paripiranga;27740;26604;-1136
AP;Vitória do Jari;12428;11291;-1137
BA;Itamari;8190;7051;-1139
BA;Santa Maria da Vitória;39743;38604;-1139
RO;Cerejeiras;17029;15890;-1139
MG;Buenópolis;10292;9150;-1142
SP;Mirante do Paranapanema;17059;15917;-1142
MG;Riachinho;8007;6863;-1144
PR;Sengés;18414;17270;-1144
RJ;São Sebastião do Alto;8895;7750;-1145
SP;Ribeirão Bonito;12135;10989;-1146
BA;Mutuípe;21184;20037;-1147
RS;Jóia;8331;7184;-1147
MG;Dores do Indaiá;13778;12630;-1148
MT;São José dos Quatro Marcos;18998;17849;-1149
RN;Pendências;13432;12278;-1154
SP;Paraguaçu Paulista;42278;41120;-1158
CE;Tamboril;25974;24815;-1159
RS;Passa Sete;5143;3983;-1160
MT;Nova Olímpia;17515;16352;-1163
GO;Firminópolis;11582;10419;-1163
BA;Rio do Antônio;14312;13146;-1166
RS;Fontoura Xavier;10719;9550;-1169
BA;Arataca;11361;10191;-1170
BA;Pindobaçu;20257;19083;-1174
RS;Caçapava do Sul;33690;32515;-1175
RS;Vale do Sol;11077;9897;-1180
SP;Morro Agudo;29116;27933;-1183
BA;Marcionílio Souza;10451;9267;-1184
SP;Paulo de Faria;8589;7400;-1189
MG;São Pedro dos Ferros;8356;7166;-1190
MT;Guarantã do Norte;32216;31024;-1192
TO;Arapoema;6742;5550;-1192
PE;Iati;18360;17165;-1195
BA;São Sebastião do Passé;42153;40958;-1195
RS;Crissiumal;14084;12886;-1198
BA;Tapiramutá;17016;15818;-1198
SP;Caconde;18301;17101;-1200
AL;Igaci;25197;23995;-1202
MG;Iguatama;8029;6826;-1203
PE;Bom Conselho;45503;44294;-1209
MA;São Francisco do Brejão;10261;9051;-1210
ES;Alegre;30392;29177;-1215
GO;Maurilândia;11521;10304;-1217
RS;Santana da Boa Vista;8242;7024;-1218
ES;Ecoporanga;23212;21992;-1220
RN;Nova Cruz;35490;34269;-1221
RN;Areia Branca;25315;24093;-1222
MG;Campos Altos;14206;12979;-1227
MG;Ibiraci;12176;10948;-1228
AL;Chã Preta;7138;5910;-1228
AL;Poço das Trincheiras;13748;12518;-1230
PA;Uruará;44789;43558;-1231
RN;São José do Campestre;12356;11121;-1235
PE;Capoeiras;19581;18338;-1243
MG;Ferros;10837;9590;-1247
RN;Canguaretama;30916;29668;-1248
BA;Itiúba;35121;33872;-1249
RJ;Mesquita;168376;167127;-1249
SP;Guará;19858;18606;-1252
PB;Barra de Santa Rosa;14157;12904;-1253
PE;Jaqueira;11501;10247;-1254
MA;Bacuri;17548;16290;-1258
MG;Malacacheta;18776;17516;-1260
PE;Cumaru;17183;15920;-1263
RO;Corumbiara;8783;7519;-1264
RS;Candelária;30171;28906;-1265
PE;Santa Filomena;13371;12106;-1265
MG;Alto Rio Doce;12159;10891;-1268
CE;Umirim;18741;17470;-1271
PR;Inácio Martins;10943;9670;-1273
SE;Tomar do Geru;13287;12012;-1275
MG;Miradouro;10251;8968;-1283
SP;Palmares Paulista;10934;9650;-1284
RO;Nova União;7493;6200;-1293
MG;Fruta de Leite;5940;4647;-1293
AL;Piaçabuçu;17203;15908;-1295
PB;Itabaiana;24481;23182;-1299
BA;Quijingue;26575;25272;-1303
CE;Cariús;18320;17015;-1305
BA;Itapebi;10482;9174;-1308
PA;Bujaru;25695;24383;-1312
MG;Campina Verde;19324;18011;-1313
SP;Rincão;10414;9098;-1316
PA;Novo Repartimento;62050;60732;-1318
RS;Butiá;20406;19084;-1322
RS;Jaguarão;27931;26603;-1328
RS;Dom Feliciano;14380;13051;-1329
PB;Natuba;10277;8945;-1332
PA;São Geraldo do Araguaia;25587;24255;-1332
RS;Tiradentes do Sul;6461;5129;-1332
MG;Açucena;10276;8943;-1333
SP;Juquitiba;28737;27404;-1333
MG;Itaipé;11798;10463;-1335
PA;Concórdia do Pará;28216;26881;-1335
RO;Alto Alegre dos Parecis;12816;11479;-1337
BA;Itaju do Colônia;7376;6037;-1339
RN;Currais Novos;42652;41313;-1339
BA;Mairi;19015;17674;-1341
PE;Palmeirina;8373;7031;-1342
CE;Campos Sales;26478;25135;-1343
RS;Taquara;54590;53242;-1348
RS;Júlio de Castilhos;19579;18226;-1353
PB;Serraria;6238;4885;-1353
BA;Nova Redenção;8898;7538;-1360
BA;Itarantim;18412;17052;-1360
MA;São Vicente Ferrer;20863;19498;-1365
PR;Santa Mariana;12435;11066;-1369
MA;Brejo de Areia;10590;9218;-1372
PR;Coronel Domingos Soares;7022;5649;-1373
TO;Dianópolis;19112;17739;-1373
MA;São João Batista;19920;18544;-1376
CE;Paramoti;11763;10384;-1379
PR;Santa Maria do Oeste;11316;9934;-1382
BA;Inhambupe;35176;33790;-1386
CE;Farias Brito;19617;18217;-1400
PE;Moreno;56696;55292;-1404
PR;Cândido de Abreu;16655;15244;-1411
MG;Rio Casca;14201;12789;-1412
TO;Rio Sono;6254;4841;-1413
MA;São Roberto;5957;4544;-1413
RO;Jaru;52005;50591;-1414
MG;Conselheiro Pena;22242;20824;-1418
AL;Ibateguara;15149;13731;-1418
AL;Viçosa;25514;24092;-1422
RS;Boqueirão do Leão;7673;6247;-1426
ES;Mimoso do Sul;25902;24475;-1427
MG;São João da Ponte;25358;23930;-1428
PR;Moreira Sales;12606;11175;-1431
MT;Cláudia;11028;9593;-1435
MG;Francisco Sá;24912;23476;-1436
SE;Pedrinhas;8833;7396;-1437
CE;Potengi;10273;8833;-1440
AL;Murici;26627;25187;-1440
MG;Santo Antônio do Jacinto;11775;10327;-1448
PR;Engenheiro Beltrão;13906;12454;-1452
MG;Carlos Chagas;20069;18615;-1454
SP;Américo Brasiliense;34478;33019;-1459
SP;Orlândia;39781;38319;-1462
MG;Sabinópolis;15704;14240;-1464
PA;Itupiranga;51220;49754;-1466
RO;Santa Luzia D'Oeste;8886;7419;-1467
MG;Serra dos Aimorés;8412;6944;-1468
PE;Saloá;15309;13836;-1473
PR;São Pedro do Ivaí;10167;8690;-1477
BA;Ruy Barbosa;29768;28282;-1486
BA;Dário Meira;12309;10820;-1489
RS;Sinimbu;10068;8578;-1490
GO;Paranaiguara;9100;7607;-1493
PB;Araruna;18683;17189;-1494
MT;Vila Rica;21382;19888;-1494
MG;Campos Gerais;27600;26105;-1495
MT;Denise;8513;7014;-1499
BA;Água Fria;15997;14497;-1500
MA;Timbiras;27997;26484;-1513
MG;Padre Paraíso;18849;17334;-1515
CE;Milagres;27418;25900;-1518
MG;Jequitaí;8005;6484;-1521
CE;São Luís do Curu;12347;10822;-1525
AL;São Luís do Quitunde;32412;30873;-1539
BA;Abaíra;8841;7301;-1540
CE;Independência;25573;24024;-1549
MG;Ibiaí;7839;6286;-1553
PR;Tamarana;12262;10707;-1555
RN;Poço Branco;13949;12390;-1559
RN;Caicó;62709;61146;-1563
BA;Guajeru;9614;8050;-1564
RS;Pinheiro Machado;12780;11214;-1566
SP;Eldorado;14641;13069;-1572
MS;Bela Vista;23192;21613;-1579
RN;Macau;28954;27369;-1585
RO;Cacaulândia;5736;4150;-1586
PE;Lagoa dos Gatos;15665;14076;-1589
SP;Palmital;21186;19594;-1592
RO;Vale do Anari;9384;7788;-1596
MG;Inhapim;24294;22692;-1602
RS;Coronel Bicaco;7748;6144;-1604
MG;Santa Maria do Suaçuí;14395;12788;-1607
GO;São Domingos;11325;9711;-1614
SP;Piquete;14107;12490;-1617
BA;Ibicuí;15552;13934;-1618
PA;Trairão;16875;15242;-1633
SP;Pitangueiras;35307;33674;-1633
RS;São Francisco de Assis;19254;17618;-1636
AL;Porto Calvo;25708;24071;-1637
MG;Comercinho;8298;6660;-1638
CE;Itapajé;48070;46426;-1644
AL;Jacuípe;6997;5352;-1645
SP;Santa Rita do Passa Quatro;26478;24833;-1645
BA;Boa Nova;15341;13690;-1651
AL;Novo Lino;11673;10020;-1653
PE;Lagoa de Itaenga;20659;19003;-1656
BA;Pau Brasil;11028;9370;-1658
SP;São Sebastião da Grama;12099;10441;-1658
AL;Coruripe;52072;50414;-1658
BA;Adustina;15861;14201;-1660
SP;Euclides da Cunha Paulista;9585;7924;-1661
PE;Altinho;22337;20674;-1663
MG;Monte Azul;21994;20328;-1666
MA;Itapecuru Mirim;62110;60440;-1670
PE;Aliança;37415;35741;-1674
BA;Nova Soure;25911;24236;-1675
RS;Salto do Jacuí;11880;10203;-1677
BA;Entre Rios;39776;38098;-1678
MA;Presidente Médici;6374;4696;-1678
MA;Lago da Pedra;46083;44403;-1680
BA;Belmonte;21804;20121;-1683
AL;Igreja Nova;23074;21372;-1702
CE;Orós;21389;19675;-1714
MG;Araçuaí;36013;34297;-1716
PR;Cornélio Procópio;46928;45206;-1722
MA;Pedreiras;38777;37050;-1727
BA;Itaeté;15200;13472;-1728
SP;Taquaritinga;53988;52260;-1728
ES;João Neiva;15809;14079;-1730
RO;Vale do Paraíso;8210;6479;-1731
GO;Anicuns;20242;18503;-1739
SP;Igarapava;27952;26212;-1740
MT;Barra do Bugres;31146;29403;-1743
CE;Pedra Branca;41933;40187;-1746
CE;Palmácia;11994;10242;-1752
BA;Boa Vista do Tupim;18630;16873;-1757
BA;Tremedal;18055;16296;-1759
MG;Itambacuri;22809;21042;-1767
BA;Brejões;14711;12943;-1768
BA;Utinga;18049;16277;-1772
PR;Altônia;20516;18742;-1774
BA;Ipecaetá;15487;13709;-1778
AL;Canapi;17338;15559;-1779
BA;Itiruçu;12785;10999;-1786
MA;Guimarães;12081;10290;-1791
MG;Montalvânia;15862;14060;-1802
SP;Presidente Epitácio;41318;39505;-1813
MG;Virgem da Lapa;13619;11804;-1815
PE;Flores;22169;20347;-1822
MA;São Luís Gonzaga do Maranhão;19645;17818;-1827
MA;Paraibano;20103;18274;-1829
PR;Palmital;14865;13033;-1832
SE;Propriá;28451;26618;-1833
RS;Barros Cassal;11133;9296;-1837
GO;Iaciara;12427;10584;-1843
MG;Itaobim;21001;19151;-1850
AL;Estrela de Alagoas;17287;15429;-1858
PR;Barbosa Ferraz;12656;10795;-1861
BA;Boquira;21184;19322;-1862
MA;Buritirana;14784;12918;-1866
AL;São José da Laje;22686;20813;-1873
BA;Santa Cruz da Vitória;6557;4681;-1876
AM;Borba;34961;33080;-1881
MG;Dionísio;8739;6847;-1892
BA;Saúde;12373;10478;-1895
AL;Limoeiro de Anadia;26636;24740;-1896
BA;Conceição do Almeida;17698;15794;-1904
RS;Dom Pedrito;38898;36981;-1917
RJ;Barra do Piraí;94808;92883;-1925
MA;Cajari;18338;16412;-1926
RS;Tapes;16629;14695;-1934
CE;Saboeiro;15792;13854;-1938
AM;Careiro;32734;30792;-1942
RS;São Gabriel;60432;58487;-1945
AL;Penedo;60596;58650;-1946
TO;Esperantina;9476;7530;-1946
PE;Belém do São Francisco;20253;18301;-1952
MG;Caeté;40750;38776;-1974
RS;São Borja;61671;59676;-1995
AM;Maraã;17528;15529;-1999
MG;Poté;15667;13666;-2001
CE;Boa Viagem;52421;50411;-2010
BA;Monte Santo;49793;47780;-2013
PR;Cantagalo;12952;10933;-2019
BA;Baixa Grande;20240;18220;-2020
MA;Parnarama;33281;31250;-2031
PE;Parnamirim;20646;18612;-2034
PA;São Domingos do Araguaia;23130;21092;-2038
SP;Miracatu;20592;18553;-2039
CE;São João do Jaguaribe;7900;5855;-2045
BA;Terra Nova;12851;10798;-2053
MT;Alto Paraguai;10066;8009;-2057
PR;Cruz Machado;18040;15978;-2062
MG;Várzea da Palma;35809;33744;-2065
BA;Itanhém;19884;17813;-2071
MT;Rosário Oeste;17527;15453;-2074
RJ;Angra dos Reis;169511;167434;-2077
SP;Cruzeiro;77039;74961;-2078
SE;Neópolis;18506;16426;-2080
MT;Jauru;10448;8367;-2081
SP;Espírito Santo do Pinhal;41907;39816;-2091
SP;Juquiá;19246;17154;-2092
MG;Rubelita;7772;5679;-2093
BA;Miguel Calmon;26761;24661;-2100
TO;Miracema do Tocantins;20684;18566;-2118
CE;Aiuaba;16203;14076;-2127
CE;Barro;21520;19381;-2139
PE;Rio Formoso;22151;20009;-2142
SP;Queluz;11309;9159;-2150
MA;Coroatá;61725;59566;-2159
PR;Clevelândia;17240;15070;-2170
BA;Rio Real;37539;35362;-2177
BA;Pojuca;34335;32136;-2199
BA;Itajuípe;20981;18781;-2200
MT;São José do Rio Claro;17124;14911;-2213
PB;Tacima;10229;8010;-2219
BA;Pedro Alexandre;16186;13954;-2232
SP;Poá;106013;103765;-2248
RO;Urupá;12974;10725;-2249
SP;Rosana;19691;17440;-2251
AL;Jequiá da Praia;11724;9470;-2254
BA;Santo Amaro;58270;56012;-2258
RO;Guajará-Mirim;41656;39387;-2269
ES;Pedro Canário;23794;21522;-2272
MA;Governador Nunes Freire;25401;23128;-2273
RS;Tupanciretã;22281;20005;-2276
RS;Guaíba;95204;92924;-2280
PE;Machados;13627;11333;-2294
PE;Cortês;12501;10198;-2303
BA;Nova Canaã;16036;13715;-2321
BA;Riacho de Santana;33033;30711;-2322
AL;Capela;17367;15032;-2335
RS;Piratini;19841;17504;-2337
PE;João Alfredo;30069;27725;-2344
PB;Alagoa Grande;28410;26062;-2348
BA;Caetanos;13615;11266;-2349
MA;Itinga do Maranhão;24863;22513;-2350
BA;Aurelino Leal;13552;11179;-2373
RS;Itaqui;38159;35768;-2391
BA;Araci;50689;48294;-2395
BA;Rafael Jambeiro;22062;19662;-2400
PA;Maracanã;28376;25971;-2405
MG;Cabo Verde;13823;11410;-2413
AL;Traipu;25992;23565;-2427
MS;Porto Murtinho;15290;12859;-2431
SP;Aparecida;35007;32569;-2438
BA;Valença;88100;85655;-2445
BA;Itapetinga;68343;65897;-2446
CE;Cedro;24792;22344;-2448
MA;Bom Lugar;14666;12212;-2454
PE;Joaquim Nabuco;15732;13269;-2463
MG;Berilo;12300;9826;-2474
PE;Xexéu;14093;11611;-2482
RO;Governador Jorge Teixeira;10512;8001;-2511
SP;Santo Anastácio;20475;17963;-2512
AL;São Miguel dos Campos;54502;51990;-2512
RS;Cacequi;13676;11157;-2519
SP;São Vicente;332445;329911;-2534
RO;Theobroma;10649;8113;-2536
MA;Estreito;35835;33294;-2541
RO;Monte Negro;14091;11548;-2543
TO;Babaçulândia;10424;7880;-2544
PR;Assaí;16354;13797;-2557
PR;Porecatu;14189;11624;-2565
RO;Novo Horizonte do Oeste;10240;7667;-2573
RS;São Sepé;23798;21219;-2579
CE;Santa Quitéria;42763;40183;-2580
RS;Pelotas;328275;325685;-2590
BA;Ibicaraí;24272;21665;-2607
PR;General Carneiro;13669;11062;-2607
MG;Ladainha;16994;14383;-2611
BA;Cachoeira;31865;29250;-2615
SP;Pontal;40244;37607;-2637
RO;Mirante da Serra;11878;9235;-2643
ES;Pancas;21548;18893;-2655
MA;Peri Mirim;13787;11108;-2679
PE;Sirinhaém;40296;37596;-2700
AL;Flexeiras;12325;9618;-2707
SP;Presidente Venceslau;37910;35201;-2709
CE;Icó;65357;62642;-2715
AL;Inhapi;17886;15167;-2719
BA;Guaratinga;21808;19049;-2759
PA;Aurora do Pará;26546;23774;-2772
MA;Araguanã;13973;11181;-2792
MG;Caraí;22343;19548;-2795
BA;Gongogi;8360;5555;-2805
MA;Penalva;35320;32511;-2809
MA;Tuntum;39111;36251;-2860
BA;Antas;17072;14206;-2866
PE;Maraial;12230;9359;-2871
MA;Poção de Pedras;20034;17161;-2873
AL;Mata Grande;24719;21844;-2875
BA;Catu;51028;48148;-2880
MG;Francisco Badaró;10248;7366;-2882
RO;Ouro Preto do Oeste;37928;35044;-2884
RO;Alta Floresta D'Oeste;24392;21494;-2898
SE;Laranjeiras;26902;23975;-2927
RO;Colorado do Oeste;18591;15663;-2928
MG;Água Boa;15521;12589;-2932
MA;Monção;30685;27751;-2934
MA;Centro Novo do Maranhão;19203;16267;-2936
RS;Rio Pardo;37591;34654;-2937
RO;Presidente Médici;22319;19327;-2992
BA;Encruzilhada;22108;19107;-3001
MT;Guiratinga;13970;10966;-3004
MG;Buritizeiro;26922;23910;-3012
AL;União dos Palmares;62326;59280;-3046
PE;Panelas;26037;22991;-3046
BA;Caatiba;9252;6205;-3047
MA;Alcântara;21521;18467;-3054
RS;Rosário do Sul;39700;36630;-3070
BA;Ipirá;59970;56876;-3094
AL;Teotônio Vilela;41152;38053;-3099
BA;Ubaitaba;20711;17596;-3115
SP;Guarujá;290752;287634;-3118
BA;São Félix;14230;11026;-3204
MA;Satubinha;11990;8784;-3206
BA;Itororó;19914;16617;-3297
PE;Sanharó;21955;18624;-3331
AL;Anadia;17318;13966;-3352
MA;São João do Carú;15668;12251;-3417
BA;Umburanas;17089;13642;-3447
MA;Araioses;42505;39052;-3453
BA;Simões Filho;118047;114559;-3488
MG;Cataguases;69757;66261;-3496
SP;Itararé;47934;44438;-3496
BA;Camamu;33972;30469;-3503
BA;Buerarema;18377;14804;-3573
RS;Canguçu;53259;49680;-3579
CE;Caridade;19956;16377;-3579
PE;Salgadinho;9312;5727;-3585
PA;Eldorado do Carajás;31786;28192;-3594
PE;Escada;63489;59891;-3598
BA;Piripá;12757;9152;-3605
BA;Coaraci;20964;17333;-3631
MG;Além Paraíba;34349;30717;-3632
AM;Nova Olinda do Norte;30696;27062;-3634
PE;Amaraji;21890;18205;-3685
BA;Macaúbas;45569;41859;-3710
RJ;Valença;71822;68088;-3734
RO;Alvorada D'Oeste;16853;13117;-3736
MG;Novo Cruzeiro;30725;26975;-3750
RS;Cachoeira do Sul;83827;80070;-3757
ES;Cachoeiro de Itapemirim;189546;185786;-3760
MA;Codó;118038;114275;-3763
BA;Ipiaú;44485;40706;-3779
MA;Magalhães de Almeida;17587;13807;-3780
BA;Ilhéus;182438;178649;-3789
PE;São Bento do Una;53242;49449;-3793
RO;Campo Novo de Rondônia;12665;8844;-3821
MG;Santos Dumont;46284;42406;-3878
RO;Ministro Andreazza;10352;6466;-3886
BA;Itamaraju;63513;59605;-3908
RS;Cruz Alta;62821;58913;-3908
MT;Cotriguaçu;14983;11011;-3972
AM;Santa Isabel do Rio Negro;18146;14164;-3982
GO;Minaçu;31150;27075;-4075
AL;Cajueiro;20106;16024;-4082
RO;Nova Brasilândia D'Oeste;19874;15679;-4195
AL;Colônia Leopoldina;20019;15816;-4203
AM;Careiro da Várzea;23930;19637;-4293
BA;Olindina;26942;22633;-4309
PA;Rurópolis;40087;35769;-4318
PE;Vicência;30732;26359;-4373
RO;Buritis;32383;27992;-4391
BA;Iguaí;25928;21491;-4437
BA;Novo Triunfo;15105;10660;-4445
RS;Esteio;80755;76137;-4618
CE;Mombaça;42375;37735;-4640
BA;Piritiba;22237;17566;-4671
AL;Boca da Mata;25916;21187;-4729
BA;Ituberá;26691;21902;-4789
MA;Nova Olinda do Maranhão;19134;14314;-4820
AP;Laranjal do Jari;39942;35114;-4828
MG;Chapada do Norte;15189;10337;-4852
PE;Palmares;59526;54584;-4942
BA;Jaguaquara;50907;45964;-4943
BA;Una;23089;18131;-4958
MA;Coelho Neto;46750;41658;-5092
RS;Alegrete;77653;72409;-5244
PA;Placas;23934;18668;-5266
RS;Rio Grande;197228;191900;-5328
MA;Alto Alegre do Pindaré;31052;25710;-5342
AM;Coari;75965;70616;-5349
PA;Ulianópolis;43341;37972;-5369
AL;Joaquim Gomes;22575;17150;-5425
AM;Parintins;102033;96372;-5661
PE;Catende;37820;32156;-5664
AM;Manaquiri;22801;17107;-5694
MG;Nanuque;40834;35038;-5796
RJ;Niterói;487562;481749;-5813
PA;Tucuruí;97128;91306;-5822
RJ;Paracambi;47281;41375;-5906
MA;Bom Jardim;39049;33100;-5949
MA;Arame;31471;25517;-5954
MA;Vargem Grande;49412;43261;-6151
SP;Cubatão;118720;112476;-6244
PE;Quipapá;24186;17928;-6258
CE;Acopiara;51271;44962;-6309
MG;Minas Novas;30794;24405;-6389
MG;Governador Valadares;263689;257171;-6518
PE;Água Preta;33095;26461;-6634
PA;Breu Branco;52493;45712;-6781
BA;Maragogipe;42661;35859;-6802
PA;Tailândia;79297;72493;-6804
AL;Atalaia;44326;37512;-6814
PA;Cachoeira do Piriá;26484;19630;-6854
AM;Barcelos;25718;18834;-6884
PA;Água Azul do Norte;25057;18080;-6977
RJ;Barra Mansa;176947;169894;-7053
BA;Mundo Novo;24368;17305;-7063
GO;Niquelândia;42361;34964;-7397
MS;Corumbá;103675;96268;-7407
PA;Goianésia do Pará;33864;26362;-7502
PE;Timbaúba;53825;46147;-7678
MA;Zé Doca;48490;40801;-7689
BA;Ubatã;24272;16094;-8178
RS;Uruguaiana;125435;117210;-8225
RS;Alvorada;195673;187315;-8358
CE;Catarina;18705;10243;-8462
BA;Camacan;31173;22579;-8594
CE;Maranguape;114005;105093;-8912
BA;Candeias;81634;72382;-9252
PB;Bayeux;92350;82742;-9608
PE;Gameleira;27912;18214;-9698
MA;Buriticupu;65237;55499;-9738
RJ;Nilópolis;157425;146774;-10651
PE;Ribeirão;44497;33507;-10990
RS;Novo Hamburgo;238940;227646;-11294
MA;Santa Luzia;69184;57635;-11549
MG;Ipatinga;239468;227731;-11737
PA;Jacundá;51360;37707;-13653
RS;Viamão;239384;224112;-15272
RJ;Petrópolis;295774;278881;-16893
PA;Ipixuna do Pará;47881;30329;-17552
RJ;São João de Meriti;458673;440962;-17711
BA;Itabuna;204478;186708;-17770
AL;Campo Alegre;51121;32106;-19015
PA;Santana do Araguaia;56153;32413;-23740
PA;São Félix do Xingu;91340;65418;-25922
PE;Olinda;377779;349976;-27803
CE;Fortaleza;2459712;2428708;-31004
RJ;Duque de Caxias;855088;808161;-46927
PE;Recife;1537704;1488920;-48784
RN;Natal;803739;751300;-52439
MG;Belo Horizonte;2375609;2315560;-60049
RS;Porto Alegre;1409351;1332845;-76506
PA;Belém;1393399;1303403;-89996
RJ;São Gonçalo;999728;896744;-102984
RJ;Rio de Janeiro;6320446;6211223;-109223
BA;Salvador;2675656;2417678;-257978
